vendorName,fileFormatVersion,input_file_name,elementType,beginTime,endTime,duration,userLabel,measInfoId,duration,endTime,measTypes,measResults_row_values
Huawei,32.435 V7.2,A20200314.1200+0200-1230+0200_MBTS_06330_VO_BBU0_IERAPETRA_NORTH.xml,BTS3900,2020-03-14T12:00:00+02:00,2020-03-14T12:30:00+02:00,PT1800S,MBTS_06330_VO_BBU0_IERAPETRA_NORTH,1526726761,PT1800S,2020-03-14T12:30:00+02:00,"1526730554,1526735517,1526735518,1526735519,","0,25,25,25,"
Huawei,32.435 V7.2,A20200314.1200+0200-1230+0200_MBTS_06330_VO_BBU0_IERAPETRA_NORTH.xml,BTS3900,2020-03-14T12:00:00+02:00,2020-03-14T12:30:00+02:00,PT1800S,MBTS_06330_VO_BBU0_IERAPETRA_NORTH,1526726761,PT1800S,2020-03-14T12:30:00+02:00,"1526730554,1526735517,1526735518,1526735519,","0,0,0,0,"
Huawei,32.435 V7.2,A20200314.1200+0200-1230+0200_MBTS_06330_VO_BBU0_IERAPETRA_NORTH.xml,BTS3900,2020-03-14T12:00:00+02:00,2020-03-14T12:30:00+02:00,PT1800S,MBTS_06330_VO_BBU0_IERAPETRA_NORTH,1526726761,PT1800S,2020-03-14T12:30:00+02:00,"1526730554,1526735517,1526735518,1526735519,","0,0,0,0,"
Huawei,32.435 V7.2,A20200314.1200+0200-1230+0200_MBTS_06330_VO_BBU0_IERAPETRA_NORTH.xml,BTS3900,2020-03-14T12:00:00+02:00,2020-03-14T12:30:00+02:00,PT1800S,MBTS_06330_VO_BBU0_IERAPETRA_NORTH,1526726761,PT1800S,2020-03-14T12:30:00+02:00,"1526730554,1526735517,1526735518,1526735519,","0,0,0,0,"
Huawei,32.435 V7.2,A20200314.1200+0200-1230+0200_MBTS_06330_VO_BBU0_IERAPETRA_NORTH.xml,BTS3900,2020-03-14T12:00:00+02:00,2020-03-14T12:30:00+02:00,PT1800S,MBTS_06330_VO_BBU0_IERAPETRA_NORTH,1526726761,PT1800S,2020-03-14T12:30:00+02:00,"1526730554,1526735517,1526735518,1526735519,","0,0,0,0,"
Huawei,32.435 V7.2,A20200314.1200+0200-1230+0200_MBTS_06330_VO_BBU0_IERAPETRA_NORTH.xml,BTS3900,2020-03-14T12:00:00+02:00,2020-03-14T12:30:00+02:00,PT1800S,MBTS_06330_VO_BBU0_IERAPETRA_NORTH,1526726761,PT1800S,2020-03-14T12:30:00+02:00,"1526730554,1526735517,1526735518,1526735519,","0,0,0,0,"
Huawei,32.435 V7.2,A20200314.1200+0200-1230+0200_MBTS_06330_VO_BBU0_IERAPETRA_NORTH.xml,BTS3900,2020-03-14T12:00:00+02:00,2020-03-14T12:30:00+02:00,PT1800S,MBTS_06330_VO_BBU0_IERAPETRA_NORTH,1526726761,PT1800S,2020-03-14T12:30:00+02:00,"1526730554,1526735517,1526735518,1526735519,","0,0,0,0,"
Huawei,32.435 V7.2,A20200314.1200+0200-1230+0200_MBTS_06330_VO_BBU0_IERAPETRA_NORTH.xml,BTS3900,2020-03-14T12:00:00+02:00,2020-03-14T12:30:00+02:00,PT1800S,MBTS_06330_VO_BBU0_IERAPETRA_NORTH,1526726761,PT1800S,2020-03-14T12:30:00+02:00,"1526730554,1526735517,1526735518,1526735519,","0,0,0,0,"
Huawei,32.435 V7.2,A20200314.1200+0200-1230+0200_MBTS_06330_VO_BBU0_IERAPETRA_NORTH.xml,BTS3900,2020-03-14T12:00:00+02:00,2020-03-14T12:30:00+02:00,PT1800S,MBTS_06330_VO_BBU0_IERAPETRA_NORTH,1526726761,PT1800S,2020-03-14T12:30:00+02:00,"1526730554,1526735517,1526735518,1526735519,","0,0,0,0,"
Huawei,32.435 V7.2,A20200314.1200+0200-1230+0200_MBTS_06330_VO_BBU0_IERAPETRA_NORTH.xml,BTS3900,2020-03-14T12:00:00+02:00,2020-03-14T12:30:00+02:00,PT1800S,MBTS_06330_VO_BBU0_IERAPETRA_NORTH,1526726761,PT1800S,2020-03-14T12:30:00+02:00,"1526730554,1526735517,1526735518,1526735519,","0,0,0,0,"
Huawei,32.435 V7.2,A20200314.1200+0200-1230+0200_MBTS_06330_VO_BBU0_IERAPETRA_NORTH.xml,BTS3900,2020-03-14T12:00:00+02:00,2020-03-14T12:30:00+02:00,PT1800S,MBTS_06330_VO_BBU0_IERAPETRA_NORTH,1526726761,PT1800S,2020-03-14T12:30:00+02:00,"1526730554,1526735517,1526735518,1526735519,","0,0,0,0,"
Huawei,32.435 V7.2,A20200314.1200+0200-1230+0200_MBTS_06330_VO_BBU0_IERAPETRA_NORTH.xml,BTS3900,2020-03-14T12:00:00+02:00,2020-03-14T12:30:00+02:00,PT1800S,MBTS_06330_VO_BBU0_IERAPETRA_NORTH,1526726761,PT1800S,2020-03-14T12:30:00+02:00,"1526730554,1526735517,1526735518,1526735519,","0,0,0,0,"
Huawei,32.435 V7.2,A20200314.1200+0200-1230+0200_MBTS_06330_VO_BBU0_IERAPETRA_NORTH.xml,BTS3900,2020-03-14T12:00:00+02:00,2020-03-14T12:30:00+02:00,PT1800S,MBTS_06330_VO_BBU0_IERAPETRA_NORTH,1526726761,PT1800S,2020-03-14T12:30:00+02:00,"1526730554,1526735517,1526735518,1526735519,","0,0,0,0,"
Huawei,32.435 V7.2,A20200314.1200+0200-1230+0200_MBTS_06330_VO_BBU0_IERAPETRA_NORTH.xml,BTS3900,2020-03-14T12:00:00+02:00,2020-03-14T12:30:00+02:00,PT1800S,MBTS_06330_VO_BBU0_IERAPETRA_NORTH,1526726761,PT1800S,2020-03-14T12:30:00+02:00,"1526730554,1526735517,1526735518,1526735519,","0,0,0,0,"
Huawei,32.435 V7.2,A20200314.1200+0200-1230+0200_MBTS_06330_VO_BBU0_IERAPETRA_NORTH.xml,BTS3900,2020-03-14T12:00:00+02:00,2020-03-14T12:30:00+02:00,PT1800S,MBTS_06330_VO_BBU0_IERAPETRA_NORTH,1526726761,PT1800S,2020-03-14T12:30:00+02:00,"1526730554,1526735517,1526735518,1526735519,","0,0,0,0,"
Huawei,32.435 V7.2,A20200314.1200+0200-1230+0200_MBTS_06330_VO_BBU0_IERAPETRA_NORTH.xml,BTS3900,2020-03-14T12:00:00+02:00,2020-03-14T12:30:00+02:00,PT1800S,MBTS_06330_VO_BBU0_IERAPETRA_NORTH,1526726761,PT1800S,2020-03-14T12:30:00+02:00,"1526730554,1526735517,1526735518,1526735519,","0,0,0,0,"
Huawei,32.435 V7.2,A20200314.1200+0200-1230+0200_MBTS_06330_VO_BBU0_IERAPETRA_NORTH.xml,BTS3900,2020-03-14T12:00:00+02:00,2020-03-14T12:30:00+02:00,PT1800S,MBTS_06330_VO_BBU0_IERAPETRA_NORTH,1526726761,PT1800S,2020-03-14T12:30:00+02:00,"1526730554,1526735517,1526735518,1526735519,","0,0,0,0,"
Huawei,32.435 V7.2,A20200314.1200+0200-1230+0200_MBTS_06330_VO_BBU0_IERAPETRA_NORTH.xml,BTS3900,2020-03-14T12:00:00+02:00,2020-03-14T12:30:00+02:00,PT1800S,MBTS_06330_VO_BBU0_IERAPETRA_NORTH,1526726761,PT1800S,2020-03-14T12:30:00+02:00,"1526730554,1526735517,1526735518,1526735519,","0,0,0,0,"
Huawei,32.435 V7.2,A20200314.1200+0200-1230+0200_MBTS_06330_VO_BBU0_IERAPETRA_NORTH.xml,BTS3900,2020-03-14T12:00:00+02:00,2020-03-14T12:30:00+02:00,PT1800S,MBTS_06330_VO_BBU0_IERAPETRA_NORTH,1526726761,PT1800S,2020-03-14T12:30:00+02:00,"1526730554,1526735517,1526735518,1526735519,","0,0,0,0,"
Huawei,32.435 V7.2,A20200314.1200+0200-1230+0200_MBTS_06330_VO_BBU0_IERAPETRA_NORTH.xml,BTS3900,2020-03-14T12:00:00+02:00,2020-03-14T12:30:00+02:00,PT1800S,MBTS_06330_VO_BBU0_IERAPETRA_NORTH,1526726761,PT1800S,2020-03-14T12:30:00+02:00,"1526730554,1526735517,1526735518,1526735519,","0,0,0,0,"
Huawei,32.435 V7.2,A20200314.1200+0200-1230+0200_MBTS_06330_VO_BBU0_IERAPETRA_NORTH.xml,BTS3900,2020-03-14T12:00:00+02:00,2020-03-14T12:30:00+02:00,PT1800S,MBTS_06330_VO_BBU0_IERAPETRA_NORTH,1526726761,PT1800S,2020-03-14T12:30:00+02:00,"1526730554,1526735517,1526735518,1526735519,","0,0,0,0,"
Huawei,32.435 V7.2,A20200314.1200+0200-1230+0200_MBTS_06330_VO_BBU0_IERAPETRA_NORTH.xml,BTS3900,2020-03-14T12:00:00+02:00,2020-03-14T12:30:00+02:00,PT1800S,MBTS_06330_VO_BBU0_IERAPETRA_NORTH,1526726761,PT1800S,2020-03-14T12:30:00+02:00,"1526730554,1526735517,1526735518,1526735519,","0,0,0,0,"
Huawei,32.435 V7.2,A20200314.1200+0200-1230+0200_MBTS_06330_VO_BBU0_IERAPETRA_NORTH.xml,BTS3900,2020-03-14T12:00:00+02:00,2020-03-14T12:30:00+02:00,PT1800S,MBTS_06330_VO_BBU0_IERAPETRA_NORTH,1526726761,PT1800S,2020-03-14T12:30:00+02:00,"1526730554,1526735517,1526735518,1526735519,","0,0,0,0,"
Huawei,32.435 V7.2,A20200314.1200+0200-1230+0200_MBTS_06330_VO_BBU0_IERAPETRA_NORTH.xml,BTS3900,2020-03-14T12:00:00+02:00,2020-03-14T12:30:00+02:00,PT1800S,MBTS_06330_VO_BBU0_IERAPETRA_NORTH,1526726761,PT1800S,2020-03-14T12:30:00+02:00,"1526730554,1526735517,1526735518,1526735519,","0,0,0,0,"
Huawei,32.435 V7.2,A20200314.1200+0200-1230+0200_MBTS_06330_VO_BBU0_IERAPETRA_NORTH.xml,BTS3900,2020-03-14T12:00:00+02:00,2020-03-14T12:30:00+02:00,PT1800S,MBTS_06330_VO_BBU0_IERAPETRA_NORTH,1526726761,PT1800S,2020-03-14T12:30:00+02:00,"1526730554,1526735517,1526735518,1526735519,","0,2,2,2,"
Huawei,32.435 V7.2,A20200314.1200+0200-1230+0200_MBTS_06330_VO_BBU0_IERAPETRA_NORTH.xml,BTS3900,2020-03-14T12:00:00+02:00,2020-03-14T12:30:00+02:00,PT1800S,MBTS_06330_VO_BBU0_IERAPETRA_NORTH,1526726761,PT1800S,2020-03-14T12:30:00+02:00,"1526730554,1526735517,1526735518,1526735519,","0,0,0,0,"
Huawei,32.435 V7.2,A20200314.1200+0200-1230+0200_MBTS_06330_VO_BBU0_IERAPETRA_NORTH.xml,BTS3900,2020-03-14T12:00:00+02:00,2020-03-14T12:30:00+02:00,PT1800S,MBTS_06330_VO_BBU0_IERAPETRA_NORTH,1526726761,PT1800S,2020-03-14T12:30:00+02:00,"1526730554,1526735517,1526735518,1526735519,","0,25,25,25,"
Huawei,32.435 V7.2,A20200314.1200+0200-1230+0200_MBTS_06330_VO_BBU0_IERAPETRA_NORTH.xml,BTS3900,2020-03-14T12:00:00+02:00,2020-03-14T12:30:00+02:00,PT1800S,MBTS_06330_VO_BBU0_IERAPETRA_NORTH,1526726761,PT1800S,2020-03-14T12:30:00+02:00,"1526730554,1526735517,1526735518,1526735519,","0,0,0,0,"
Huawei,32.435 V7.2,A20200314.1200+0200-1230+0200_MBTS_06330_VO_BBU0_IERAPETRA_NORTH.xml,BTS3900,2020-03-14T12:00:00+02:00,2020-03-14T12:30:00+02:00,PT1800S,MBTS_06330_VO_BBU0_IERAPETRA_NORTH,1526726761,PT1800S,2020-03-14T12:30:00+02:00,"1526730554,1526735517,1526735518,1526735519,","0,0,0,0,"
Huawei,32.435 V7.2,A20200314.1200+0200-1230+0200_MBTS_06330_VO_BBU0_IERAPETRA_NORTH.xml,BTS3900,2020-03-14T12:00:00+02:00,2020-03-14T12:30:00+02:00,PT1800S,MBTS_06330_VO_BBU0_IERAPETRA_NORTH,1526726761,PT1800S,2020-03-14T12:30:00+02:00,"1526730554,1526735517,1526735518,1526735519,","0,0,0,0,"
Huawei,32.435 V7.2,A20200314.1200+0200-1230+0200_MBTS_06330_VO_BBU0_IERAPETRA_NORTH.xml,BTS3900,2020-03-14T12:00:00+02:00,2020-03-14T12:30:00+02:00,PT1800S,MBTS_06330_VO_BBU0_IERAPETRA_NORTH,1526726761,PT1800S,2020-03-14T12:30:00+02:00,"1526730554,1526735517,1526735518,1526735519,","0,0,0,0,"
Huawei,32.435 V7.2,A20200314.1200+0200-1230+0200_MBTS_06330_VO_BBU0_IERAPETRA_NORTH.xml,BTS3900,2020-03-14T12:00:00+02:00,2020-03-14T12:30:00+02:00,PT1800S,MBTS_06330_VO_BBU0_IERAPETRA_NORTH,1526726761,PT1800S,2020-03-14T12:30:00+02:00,"1526730554,1526735517,1526735518,1526735519,","0,0,0,0,"
Huawei,32.435 V7.2,A20200314.1200+0200-1230+0200_MBTS_06330_VO_BBU0_IERAPETRA_NORTH.xml,BTS3900,2020-03-14T12:00:00+02:00,2020-03-14T12:30:00+02:00,PT1800S,MBTS_06330_VO_BBU0_IERAPETRA_NORTH,1526726761,PT1800S,2020-03-14T12:30:00+02:00,"1526730554,1526735517,1526735518,1526735519,","0,0,0,0,"
Huawei,32.435 V7.2,A20200314.1200+0200-1230+0200_MBTS_06330_VO_BBU0_IERAPETRA_NORTH.xml,BTS3900,2020-03-14T12:00:00+02:00,2020-03-14T12:30:00+02:00,PT1800S,MBTS_06330_VO_BBU0_IERAPETRA_NORTH,1526726761,PT1800S,2020-03-14T12:30:00+02:00,"1526730554,1526735517,1526735518,1526735519,","0,0,0,0,"
Huawei,32.435 V7.2,A20200314.1200+0200-1230+0200_MBTS_06330_VO_BBU0_IERAPETRA_NORTH.xml,BTS3900,2020-03-14T12:00:00+02:00,2020-03-14T12:30:00+02:00,PT1800S,MBTS_06330_VO_BBU0_IERAPETRA_NORTH,1526726761,PT1800S,2020-03-14T12:30:00+02:00,"1526730554,1526735517,1526735518,1526735519,","0,5,5,5,"
Huawei,32.435 V7.2,A20200314.1200+0200-1230+0200_MBTS_06330_VO_BBU0_IERAPETRA_NORTH.xml,BTS3900,2020-03-14T12:00:00+02:00,2020-03-14T12:30:00+02:00,PT1800S,MBTS_06330_VO_BBU0_IERAPETRA_NORTH,1526726761,PT1800S,2020-03-14T12:30:00+02:00,"1526730554,1526735517,1526735518,1526735519,","0,0,0,0,"
Huawei,32.435 V7.2,A20200314.1200+0200-1230+0200_MBTS_06330_VO_BBU0_IERAPETRA_NORTH.xml,BTS3900,2020-03-14T12:00:00+02:00,2020-03-14T12:30:00+02:00,PT1800S,MBTS_06330_VO_BBU0_IERAPETRA_NORTH,1526726761,PT1800S,2020-03-14T12:30:00+02:00,"1526730554,1526735517,1526735518,1526735519,","0,444,444,442,"
Huawei,32.435 V7.2,A20200314.1200+0200-1230+0200_MBTS_06330_VO_BBU0_IERAPETRA_NORTH.xml,BTS3900,2020-03-14T12:00:00+02:00,2020-03-14T12:30:00+02:00,PT1800S,MBTS_06330_VO_BBU0_IERAPETRA_NORTH,1526726761,PT1800S,2020-03-14T12:30:00+02:00,"1526730554,1526735517,1526735518,1526735519,","0,0,0,0,"
Huawei,32.435 V7.2,A20200314.1200+0200-1230+0200_MBTS_06330_VO_BBU0_IERAPETRA_NORTH.xml,BTS3900,2020-03-14T12:00:00+02:00,2020-03-14T12:30:00+02:00,PT1800S,MBTS_06330_VO_BBU0_IERAPETRA_NORTH,1526726761,PT1800S,2020-03-14T12:30:00+02:00,"1526730554,1526735517,1526735518,1526735519,","0,0,0,0,"
Huawei,32.435 V7.2,A20200314.1200+0200-1230+0200_MBTS_06330_VO_BBU0_IERAPETRA_NORTH.xml,BTS3900,2020-03-14T12:00:00+02:00,2020-03-14T12:30:00+02:00,PT1800S,MBTS_06330_VO_BBU0_IERAPETRA_NORTH,1526726761,PT1800S,2020-03-14T12:30:00+02:00,"1526730554,1526735517,1526735518,1526735519,","0,0,0,0,"
Huawei,32.435 V7.2,A20200314.1200+0200-1230+0200_MBTS_06330_VO_BBU0_IERAPETRA_NORTH.xml,BTS3900,2020-03-14T12:00:00+02:00,2020-03-14T12:30:00+02:00,PT1800S,MBTS_06330_VO_BBU0_IERAPETRA_NORTH,1526726761,PT1800S,2020-03-14T12:30:00+02:00,"1526730554,1526735517,1526735518,1526735519,","0,0,0,0,"
Huawei,32.435 V7.2,A20200314.1200+0200-1230+0200_MBTS_06330_VO_BBU0_IERAPETRA_NORTH.xml,BTS3900,2020-03-14T12:00:00+02:00,2020-03-14T12:30:00+02:00,PT1800S,MBTS_06330_VO_BBU0_IERAPETRA_NORTH,1526726761,PT1800S,2020-03-14T12:30:00+02:00,"1526730554,1526735517,1526735518,1526735519,","0,0,0,0,"
Huawei,32.435 V7.2,A20200314.1200+0200-1230+0200_MBTS_06330_VO_BBU0_IERAPETRA_NORTH.xml,BTS3900,2020-03-14T12:00:00+02:00,2020-03-14T12:30:00+02:00,PT1800S,MBTS_06330_VO_BBU0_IERAPETRA_NORTH,1526726761,PT1800S,2020-03-14T12:30:00+02:00,"1526730554,1526735517,1526735518,1526735519,","0,43,43,43,"
Huawei,32.435 V7.2,A20200314.1200+0200-1230+0200_MBTS_06330_VO_BBU0_IERAPETRA_NORTH.xml,BTS3900,2020-03-14T12:00:00+02:00,2020-03-14T12:30:00+02:00,PT1800S,MBTS_06330_VO_BBU0_IERAPETRA_NORTH,1526726761,PT1800S,2020-03-14T12:30:00+02:00,"1526730554,1526735517,1526735518,1526735519,","0,48,48,48,"
Huawei,32.435 V7.2,A20200314.1200+0200-1230+0200_MBTS_06330_VO_BBU0_IERAPETRA_NORTH.xml,BTS3900,2020-03-14T12:00:00+02:00,2020-03-14T12:30:00+02:00,PT1800S,MBTS_06330_VO_BBU0_IERAPETRA_NORTH,1526726761,PT1800S,2020-03-14T12:30:00+02:00,"1526730554,1526735517,1526735518,1526735519,","0,0,0,0,"
Huawei,32.435 V7.2,A20200314.1200+0200-1230+0200_MBTS_06330_VO_BBU0_IERAPETRA_NORTH.xml,BTS3900,2020-03-14T12:00:00+02:00,2020-03-14T12:30:00+02:00,PT1800S,MBTS_06330_VO_BBU0_IERAPETRA_NORTH,1526726761,PT1800S,2020-03-14T12:30:00+02:00,"1526730554,1526735517,1526735518,1526735519,","0,0,0,0,"
Huawei,32.435 V7.2,A20200314.1200+0200-1230+0200_MBTS_06330_VO_BBU0_IERAPETRA_NORTH.xml,BTS3900,2020-03-14T12:00:00+02:00,2020-03-14T12:30:00+02:00,PT1800S,MBTS_06330_VO_BBU0_IERAPETRA_NORTH,1526726761,PT1800S,2020-03-14T12:30:00+02:00,"1526730554,1526735517,1526735518,1526735519,","0,4,4,4,"
Huawei,32.435 V7.2,A20200314.1200+0200-1230+0200_MBTS_06330_VO_BBU0_IERAPETRA_NORTH.xml,BTS3900,2020-03-14T12:00:00+02:00,2020-03-14T12:30:00+02:00,PT1800S,MBTS_06330_VO_BBU0_IERAPETRA_NORTH,1526726761,PT1800S,2020-03-14T12:30:00+02:00,"1526730554,1526735517,1526735518,1526735519,","0,0,0,0,"
Huawei,32.435 V7.2,A20200314.1200+0200-1230+0200_MBTS_06330_VO_BBU0_IERAPETRA_NORTH.xml,BTS3900,2020-03-14T12:00:00+02:00,2020-03-14T12:30:00+02:00,PT1800S,MBTS_06330_VO_BBU0_IERAPETRA_NORTH,1526726761,PT1800S,2020-03-14T12:30:00+02:00,"1526730554,1526735517,1526735518,1526735519,","0,0,0,0,"
Huawei,32.435 V7.2,A20200314.1200+0200-1230+0200_MBTS_06330_VO_BBU0_IERAPETRA_NORTH.xml,BTS3900,2020-03-14T12:00:00+02:00,2020-03-14T12:30:00+02:00,PT1800S,MBTS_06330_VO_BBU0_IERAPETRA_NORTH,1526726761,PT1800S,2020-03-14T12:30:00+02:00,"1526730554,1526735517,1526735518,1526735519,","0,0,0,0,"
Huawei,32.435 V7.2,A20200314.1200+0200-1230+0200_MBTS_06330_VO_BBU0_IERAPETRA_NORTH.xml,BTS3900,2020-03-14T12:00:00+02:00,2020-03-14T12:30:00+02:00,PT1800S,MBTS_06330_VO_BBU0_IERAPETRA_NORTH,1526726761,PT1800S,2020-03-14T12:30:00+02:00,"1526730554,1526735517,1526735518,1526735519,","0,0,0,0,"
Huawei,32.435 V7.2,A20200314.1200+0200-1230+0200_MBTS_06330_VO_BBU0_IERAPETRA_NORTH.xml,BTS3900,2020-03-14T12:00:00+02:00,2020-03-14T12:30:00+02:00,PT1800S,MBTS_06330_VO_BBU0_IERAPETRA_NORTH,1526726761,PT1800S,2020-03-14T12:30:00+02:00,"1526730554,1526735517,1526735518,1526735519,","0,0,0,0,"
Huawei,32.435 V7.2,A20200314.1200+0200-1230+0200_MBTS_06330_VO_BBU0_IERAPETRA_NORTH.xml,BTS3900,2020-03-14T12:00:00+02:00,2020-03-14T12:30:00+02:00,PT1800S,MBTS_06330_VO_BBU0_IERAPETRA_NORTH,1526726761,PT1800S,2020-03-14T12:30:00+02:00,"1526730554,1526735517,1526735518,1526735519,","0,0,0,0,"
Huawei,32.435 V7.2,A20200314.1200+0200-1230+0200_MBTS_06330_VO_BBU0_IERAPETRA_NORTH.xml,BTS3900,2020-03-14T12:00:00+02:00,2020-03-14T12:30:00+02:00,PT1800S,MBTS_06330_VO_BBU0_IERAPETRA_NORTH,1526726761,PT1800S,2020-03-14T12:30:00+02:00,"1526730554,1526735517,1526735518,1526735519,","0,0,0,0,"
Huawei,32.435 V7.2,A20200314.1200+0200-1230+0200_MBTS_06330_VO_BBU0_IERAPETRA_NORTH.xml,BTS3900,2020-03-14T12:00:00+02:00,2020-03-14T12:30:00+02:00,PT1800S,MBTS_06330_VO_BBU0_IERAPETRA_NORTH,1526726761,PT1800S,2020-03-14T12:30:00+02:00,"1526730554,1526735517,1526735518,1526735519,","0,0,0,0,"
Huawei,32.435 V7.2,A20200314.1200+0200-1230+0200_MBTS_06330_VO_BBU0_IERAPETRA_NORTH.xml,BTS3900,2020-03-14T12:00:00+02:00,2020-03-14T12:30:00+02:00,PT1800S,MBTS_06330_VO_BBU0_IERAPETRA_NORTH,1526726761,PT1800S,2020-03-14T12:30:00+02:00,"1526730554,1526735517,1526735518,1526735519,","0,0,0,0,"
Huawei,32.435 V7.2,A20200314.1200+0200-1230+0200_MBTS_06330_VO_BBU0_IERAPETRA_NORTH.xml,BTS3900,2020-03-14T12:00:00+02:00,2020-03-14T12:30:00+02:00,PT1800S,MBTS_06330_VO_BBU0_IERAPETRA_NORTH,1526726761,PT1800S,2020-03-14T12:30:00+02:00,"1526730554,1526735517,1526735518,1526735519,","0,0,0,0,"
Huawei,32.435 V7.2,A20200314.1200+0200-1230+0200_MBTS_06330_VO_BBU0_IERAPETRA_NORTH.xml,BTS3900,2020-03-14T12:00:00+02:00,2020-03-14T12:30:00+02:00,PT1800S,MBTS_06330_VO_BBU0_IERAPETRA_NORTH,1526726761,PT1800S,2020-03-14T12:30:00+02:00,"1526730554,1526735517,1526735518,1526735519,","0,0,0,0,"
Huawei,32.435 V7.2,A20200314.1200+0200-1230+0200_MBTS_06330_VO_BBU0_IERAPETRA_NORTH.xml,BTS3900,2020-03-14T12:00:00+02:00,2020-03-14T12:30:00+02:00,PT1800S,MBTS_06330_VO_BBU0_IERAPETRA_NORTH,1526726761,PT1800S,2020-03-14T12:30:00+02:00,"1526730554,1526735517,1526735518,1526735519,","0,0,0,0,"
Huawei,32.435 V7.2,A20200314.1200+0200-1230+0200_MBTS_06330_VO_BBU0_IERAPETRA_NORTH.xml,BTS3900,2020-03-14T12:00:00+02:00,2020-03-14T12:30:00+02:00,PT1800S,MBTS_06330_VO_BBU0_IERAPETRA_NORTH,1526726761,PT1800S,2020-03-14T12:30:00+02:00,"1526730554,1526735517,1526735518,1526735519,","0,0,0,0,"
Huawei,32.435 V7.2,A20200314.1200+0200-1230+0200_MBTS_06330_VO_BBU0_IERAPETRA_NORTH.xml,BTS3900,2020-03-14T12:00:00+02:00,2020-03-14T12:30:00+02:00,PT1800S,MBTS_06330_VO_BBU0_IERAPETRA_NORTH,1526726761,PT1800S,2020-03-14T12:30:00+02:00,"1526730554,1526735517,1526735518,1526735519,","0,0,0,0,"
Huawei,32.435 V7.2,A20200314.1200+0200-1230+0200_MBTS_06330_VO_BBU0_IERAPETRA_NORTH.xml,BTS3900,2020-03-14T12:00:00+02:00,2020-03-14T12:30:00+02:00,PT1800S,MBTS_06330_VO_BBU0_IERAPETRA_NORTH,1526726761,PT1800S,2020-03-14T12:30:00+02:00,"1526730554,1526735517,1526735518,1526735519,","0,0,0,0,"
Huawei,32.435 V7.2,A20200314.1200+0200-1230+0200_MBTS_06330_VO_BBU0_IERAPETRA_NORTH.xml,BTS3900,2020-03-14T12:00:00+02:00,2020-03-14T12:30:00+02:00,PT1800S,MBTS_06330_VO_BBU0_IERAPETRA_NORTH,1526726761,PT1800S,2020-03-14T12:30:00+02:00,"1526730554,1526735517,1526735518,1526735519,","0,0,0,0,"
Huawei,32.435 V7.2,A20200314.1200+0200-1230+0200_MBTS_06330_VO_BBU0_IERAPETRA_NORTH.xml,BTS3900,2020-03-14T12:00:00+02:00,2020-03-14T12:30:00+02:00,PT1800S,MBTS_06330_VO_BBU0_IERAPETRA_NORTH,1526726761,PT1800S,2020-03-14T12:30:00+02:00,"1526730554,1526735517,1526735518,1526735519,","0,0,0,0,"
Huawei,32.435 V7.2,A20200314.1200+0200-1230+0200_MBTS_06330_VO_BBU0_IERAPETRA_NORTH.xml,BTS3900,2020-03-14T12:00:00+02:00,2020-03-14T12:30:00+02:00,PT1800S,MBTS_06330_VO_BBU0_IERAPETRA_NORTH,1526726761,PT1800S,2020-03-14T12:30:00+02:00,"1526730554,1526735517,1526735518,1526735519,","0,1,1,1,"
Huawei,32.435 V7.2,A20200314.1200+0200-1230+0200_MBTS_06330_VO_BBU0_IERAPETRA_NORTH.xml,BTS3900,2020-03-14T12:00:00+02:00,2020-03-14T12:30:00+02:00,PT1800S,MBTS_06330_VO_BBU0_IERAPETRA_NORTH,1526726761,PT1800S,2020-03-14T12:30:00+02:00,"1526730554,1526735517,1526735518,1526735519,","0,0,0,0,"
Huawei,32.435 V7.2,A20200314.1200+0200-1230+0200_MBTS_06330_VO_BBU0_IERAPETRA_NORTH.xml,BTS3900,2020-03-14T12:00:00+02:00,2020-03-14T12:30:00+02:00,PT1800S,MBTS_06330_VO_BBU0_IERAPETRA_NORTH,1526726761,PT1800S,2020-03-14T12:30:00+02:00,"1526730554,1526735517,1526735518,1526735519,","0,0,0,0,"
Huawei,32.435 V7.2,A20200314.1200+0200-1230+0200_MBTS_06330_VO_BBU0_IERAPETRA_NORTH.xml,BTS3900,2020-03-14T12:00:00+02:00,2020-03-14T12:30:00+02:00,PT1800S,MBTS_06330_VO_BBU0_IERAPETRA_NORTH,1526726761,PT1800S,2020-03-14T12:30:00+02:00,"1526730554,1526735517,1526735518,1526735519,","0,1,1,1,"
Huawei,32.435 V7.2,A20200314.1200+0200-1230+0200_MBTS_06330_VO_BBU0_IERAPETRA_NORTH.xml,BTS3900,2020-03-14T12:00:00+02:00,2020-03-14T12:30:00+02:00,PT1800S,MBTS_06330_VO_BBU0_IERAPETRA_NORTH,1526726761,PT1800S,2020-03-14T12:30:00+02:00,"1526730554,1526735517,1526735518,1526735519,","0,117,117,117,"
Huawei,32.435 V7.2,A20200314.1200+0200-1230+0200_MBTS_06330_VO_BBU0_IERAPETRA_NORTH.xml,BTS3900,2020-03-14T12:00:00+02:00,2020-03-14T12:30:00+02:00,PT1800S,MBTS_06330_VO_BBU0_IERAPETRA_NORTH,1526726761,PT1800S,2020-03-14T12:30:00+02:00,"1526730554,1526735517,1526735518,1526735519,","0,0,0,0,"
Huawei,32.435 V7.2,A20200314.1200+0200-1230+0200_MBTS_06330_VO_BBU0_IERAPETRA_NORTH.xml,BTS3900,2020-03-14T12:00:00+02:00,2020-03-14T12:30:00+02:00,PT1800S,MBTS_06330_VO_BBU0_IERAPETRA_NORTH,1526726761,PT1800S,2020-03-14T12:30:00+02:00,"1526730554,1526735517,1526735518,1526735519,","0,0,0,0,"
Huawei,32.435 V7.2,A20200314.1200+0200-1230+0200_MBTS_06330_VO_BBU0_IERAPETRA_NORTH.xml,BTS3900,2020-03-14T12:00:00+02:00,2020-03-14T12:30:00+02:00,PT1800S,MBTS_06330_VO_BBU0_IERAPETRA_NORTH,1526726761,PT1800S,2020-03-14T12:30:00+02:00,"1526730554,1526735517,1526735518,1526735519,","0,0,0,0,"
Huawei,32.435 V7.2,A20200314.1200+0200-1230+0200_MBTS_06330_VO_BBU0_IERAPETRA_NORTH.xml,BTS3900,2020-03-14T12:00:00+02:00,2020-03-14T12:30:00+02:00,PT1800S,MBTS_06330_VO_BBU0_IERAPETRA_NORTH,1526726761,PT1800S,2020-03-14T12:30:00+02:00,"1526730554,1526735517,1526735518,1526735519,","0,0,0,0,"
Huawei,32.435 V7.2,A20200314.1200+0200-1230+0200_MBTS_06330_VO_BBU0_IERAPETRA_NORTH.xml,BTS3900,2020-03-14T12:00:00+02:00,2020-03-14T12:30:00+02:00,PT1800S,MBTS_06330_VO_BBU0_IERAPETRA_NORTH,1526726761,PT1800S,2020-03-14T12:30:00+02:00,"1526730554,1526735517,1526735518,1526735519,","0,0,0,0,"
Huawei,32.435 V7.2,A20200314.1200+0200-1230+0200_MBTS_06330_VO_BBU0_IERAPETRA_NORTH.xml,BTS3900,2020-03-14T12:00:00+02:00,2020-03-14T12:30:00+02:00,PT1800S,MBTS_06330_VO_BBU0_IERAPETRA_NORTH,1526726761,PT1800S,2020-03-14T12:30:00+02:00,"1526730554,1526735517,1526735518,1526735519,","0,0,0,0,"
Huawei,32.435 V7.2,A20200314.1200+0200-1230+0200_MBTS_06330_VO_BBU0_IERAPETRA_NORTH.xml,BTS3900,2020-03-14T12:00:00+02:00,2020-03-14T12:30:00+02:00,PT1800S,MBTS_06330_VO_BBU0_IERAPETRA_NORTH,1526726761,PT1800S,2020-03-14T12:30:00+02:00,"1526730554,1526735517,1526735518,1526735519,","0,0,0,0,"
Huawei,32.435 V7.2,A20200314.1200+0200-1230+0200_MBTS_06330_VO_BBU0_IERAPETRA_NORTH.xml,BTS3900,2020-03-14T12:00:00+02:00,2020-03-14T12:30:00+02:00,PT1800S,MBTS_06330_VO_BBU0_IERAPETRA_NORTH,1526726761,PT1800S,2020-03-14T12:30:00+02:00,"1526730554,1526735517,1526735518,1526735519,","0,0,0,0,"
Huawei,32.435 V7.2,A20200314.1200+0200-1230+0200_MBTS_06330_VO_BBU0_IERAPETRA_NORTH.xml,BTS3900,2020-03-14T12:00:00+02:00,2020-03-14T12:30:00+02:00,PT1800S,MBTS_06330_VO_BBU0_IERAPETRA_NORTH,1526726761,PT1800S,2020-03-14T12:30:00+02:00,"1526730554,1526735517,1526735518,1526735519,","0,0,0,0,"
Huawei,32.435 V7.2,A20200314.1200+0200-1230+0200_MBTS_06330_VO_BBU0_IERAPETRA_NORTH.xml,BTS3900,2020-03-14T12:00:00+02:00,2020-03-14T12:30:00+02:00,PT1800S,MBTS_06330_VO_BBU0_IERAPETRA_NORTH,1526726761,PT1800S,2020-03-14T12:30:00+02:00,"1526730554,1526735517,1526735518,1526735519,","0,0,0,0,"
Huawei,32.435 V7.2,A20200314.1200+0200-1230+0200_MBTS_06330_VO_BBU0_IERAPETRA_NORTH.xml,BTS3900,2020-03-14T12:00:00+02:00,2020-03-14T12:30:00+02:00,PT1800S,MBTS_06330_VO_BBU0_IERAPETRA_NORTH,1526726761,PT1800S,2020-03-14T12:30:00+02:00,"1526730554,1526735517,1526735518,1526735519,","0,0,0,0,"
Huawei,32.435 V7.2,A20200314.1200+0200-1230+0200_MBTS_06330_VO_BBU0_IERAPETRA_NORTH.xml,BTS3900,2020-03-14T12:00:00+02:00,2020-03-14T12:30:00+02:00,PT1800S,MBTS_06330_VO_BBU0_IERAPETRA_NORTH,1526726761,PT1800S,2020-03-14T12:30:00+02:00,"1526730554,1526735517,1526735518,1526735519,","0,0,0,0,"
Huawei,32.435 V7.2,A20200314.1200+0200-1230+0200_MBTS_06330_VO_BBU0_IERAPETRA_NORTH.xml,BTS3900,2020-03-14T12:00:00+02:00,2020-03-14T12:30:00+02:00,PT1800S,MBTS_06330_VO_BBU0_IERAPETRA_NORTH,1526726761,PT1800S,2020-03-14T12:30:00+02:00,"1526730554,1526735517,1526735518,1526735519,","0,0,0,0,"
Huawei,32.435 V7.2,A20200314.1200+0200-1230+0200_MBTS_06330_VO_BBU0_IERAPETRA_NORTH.xml,BTS3900,2020-03-14T12:00:00+02:00,2020-03-14T12:30:00+02:00,PT1800S,MBTS_06330_VO_BBU0_IERAPETRA_NORTH,1526726761,PT1800S,2020-03-14T12:30:00+02:00,"1526730554,1526735517,1526735518,1526735519,","0,0,0,0,"
Huawei,32.435 V7.2,A20200314.1200+0200-1230+0200_MBTS_06330_VO_BBU0_IERAPETRA_NORTH.xml,BTS3900,2020-03-14T12:00:00+02:00,2020-03-14T12:30:00+02:00,PT1800S,MBTS_06330_VO_BBU0_IERAPETRA_NORTH,1526726761,PT1800S,2020-03-14T12:30:00+02:00,"1526730554,1526735517,1526735518,1526735519,","0,0,0,0,"
Huawei,32.435 V7.2,A20200314.1200+0200-1230+0200_MBTS_06330_VO_BBU0_IERAPETRA_NORTH.xml,BTS3900,2020-03-14T12:00:00+02:00,2020-03-14T12:30:00+02:00,PT1800S,MBTS_06330_VO_BBU0_IERAPETRA_NORTH,1526726761,PT1800S,2020-03-14T12:30:00+02:00,"1526730554,1526735517,1526735518,1526735519,","0,0,0,0,"
Huawei,32.435 V7.2,A20200314.1200+0200-1230+0200_MBTS_06330_VO_BBU0_IERAPETRA_NORTH.xml,BTS3900,2020-03-14T12:00:00+02:00,2020-03-14T12:30:00+02:00,PT1800S,MBTS_06330_VO_BBU0_IERAPETRA_NORTH,1526726761,PT1800S,2020-03-14T12:30:00+02:00,"1526730554,1526735517,1526735518,1526735519,","0,0,0,0,"
Huawei,32.435 V7.2,A20200314.1200+0200-1230+0200_MBTS_06330_VO_BBU0_IERAPETRA_NORTH.xml,BTS3900,2020-03-14T12:00:00+02:00,2020-03-14T12:30:00+02:00,PT1800S,MBTS_06330_VO_BBU0_IERAPETRA_NORTH,1526726761,PT1800S,2020-03-14T12:30:00+02:00,"1526730554,1526735517,1526735518,1526735519,","0,0,0,0,"
Huawei,32.435 V7.2,A20200314.1200+0200-1230+0200_MBTS_06330_VO_BBU0_IERAPETRA_NORTH.xml,BTS3900,2020-03-14T12:00:00+02:00,2020-03-14T12:30:00+02:00,PT1800S,MBTS_06330_VO_BBU0_IERAPETRA_NORTH,1526726761,PT1800S,2020-03-14T12:30:00+02:00,"1526730554,1526735517,1526735518,1526735519,","0,0,0,0,"
Huawei,32.435 V7.2,A20200314.1200+0200-1230+0200_MBTS_06330_VO_BBU0_IERAPETRA_NORTH.xml,BTS3900,2020-03-14T12:00:00+02:00,2020-03-14T12:30:00+02:00,PT1800S,MBTS_06330_VO_BBU0_IERAPETRA_NORTH,1526726761,PT1800S,2020-03-14T12:30:00+02:00,"1526730554,1526735517,1526735518,1526735519,","0,0,0,0,"
Huawei,32.435 V7.2,A20200314.1200+0200-1230+0200_MBTS_06330_VO_BBU0_IERAPETRA_NORTH.xml,BTS3900,2020-03-14T12:00:00+02:00,2020-03-14T12:30:00+02:00,PT1800S,MBTS_06330_VO_BBU0_IERAPETRA_NORTH,1526726761,PT1800S,2020-03-14T12:30:00+02:00,"1526730554,1526735517,1526735518,1526735519,","0,0,0,0,"
Huawei,32.435 V7.2,A20200314.1200+0200-1230+0200_MBTS_06330_VO_BBU0_IERAPETRA_NORTH.xml,BTS3900,2020-03-14T12:00:00+02:00,2020-03-14T12:30:00+02:00,PT1800S,MBTS_06330_VO_BBU0_IERAPETRA_NORTH,1526726761,PT1800S,2020-03-14T12:30:00+02:00,"1526730554,1526735517,1526735518,1526735519,","0,0,0,0,"
Huawei,32.435 V7.2,A20200314.1200+0200-1230+0200_MBTS_06330_VO_BBU0_IERAPETRA_NORTH.xml,BTS3900,2020-03-14T12:00:00+02:00,2020-03-14T12:30:00+02:00,PT1800S,MBTS_06330_VO_BBU0_IERAPETRA_NORTH,1526726761,PT1800S,2020-03-14T12:30:00+02:00,"1526730554,1526735517,1526735518,1526735519,","0,0,0,0,"
Huawei,32.435 V7.2,A20200314.1200+0200-1230+0200_MBTS_06330_VO_BBU0_IERAPETRA_NORTH.xml,BTS3900,2020-03-14T12:00:00+02:00,2020-03-14T12:30:00+02:00,PT1800S,MBTS_06330_VO_BBU0_IERAPETRA_NORTH,1526726761,PT1800S,2020-03-14T12:30:00+02:00,"1526730554,1526735517,1526735518,1526735519,","0,1,1,1,"
Huawei,32.435 V7.2,A20200314.1200+0200-1230+0200_MBTS_06330_VO_BBU0_IERAPETRA_NORTH.xml,BTS3900,2020-03-14T12:00:00+02:00,2020-03-14T12:30:00+02:00,PT1800S,MBTS_06330_VO_BBU0_IERAPETRA_NORTH,1526726761,PT1800S,2020-03-14T12:30:00+02:00,"1526730554,1526735517,1526735518,1526735519,","0,0,0,0,"
Huawei,32.435 V7.2,A20200314.1200+0200-1230+0200_MBTS_06330_VO_BBU0_IERAPETRA_NORTH.xml,BTS3900,2020-03-14T12:00:00+02:00,2020-03-14T12:30:00+02:00,PT1800S,MBTS_06330_VO_BBU0_IERAPETRA_NORTH,1526726761,PT1800S,2020-03-14T12:30:00+02:00,"1526730554,1526735517,1526735518,1526735519,","0,35,35,35,"
Huawei,32.435 V7.2,A20200314.1200+0200-1230+0200_MBTS_06330_VO_BBU0_IERAPETRA_NORTH.xml,BTS3900,2020-03-14T12:00:00+02:00,2020-03-14T12:30:00+02:00,PT1800S,MBTS_06330_VO_BBU0_IERAPETRA_NORTH,1526726761,PT1800S,2020-03-14T12:30:00+02:00,"1526730554,1526735517,1526735518,1526735519,","0,0,0,0,"
Huawei,32.435 V7.2,A20200314.1200+0200-1230+0200_MBTS_06330_VO_BBU0_IERAPETRA_NORTH.xml,BTS3900,2020-03-14T12:00:00+02:00,2020-03-14T12:30:00+02:00,PT1800S,MBTS_06330_VO_BBU0_IERAPETRA_NORTH,1526726761,PT1800S,2020-03-14T12:30:00+02:00,"1526730554,1526735517,1526735518,1526735519,","0,0,0,0,"
Huawei,32.435 V7.2,A20200314.1200+0200-1230+0200_MBTS_06330_VO_BBU0_IERAPETRA_NORTH.xml,BTS3900,2020-03-14T12:00:00+02:00,2020-03-14T12:30:00+02:00,PT1800S,MBTS_06330_VO_BBU0_IERAPETRA_NORTH,1526726761,PT1800S,2020-03-14T12:30:00+02:00,"1526730554,1526735517,1526735518,1526735519,","0,0,0,0,"
Huawei,32.435 V7.2,A20200314.1200+0200-1230+0200_MBTS_06330_VO_BBU0_IERAPETRA_NORTH.xml,BTS3900,2020-03-14T12:00:00+02:00,2020-03-14T12:30:00+02:00,PT1800S,MBTS_06330_VO_BBU0_IERAPETRA_NORTH,1526726761,PT1800S,2020-03-14T12:30:00+02:00,"1526730554,1526735517,1526735518,1526735519,","0,0,0,0,"
Huawei,32.435 V7.2,A20200314.1200+0200-1230+0200_MBTS_06330_VO_BBU0_IERAPETRA_NORTH.xml,BTS3900,2020-03-14T12:00:00+02:00,2020-03-14T12:30:00+02:00,PT1800S,MBTS_06330_VO_BBU0_IERAPETRA_NORTH,1526726761,PT1800S,2020-03-14T12:30:00+02:00,"1526730554,1526735517,1526735518,1526735519,","0,0,0,0,"
Huawei,32.435 V7.2,A20200314.1200+0200-1230+0200_MBTS_06330_VO_BBU0_IERAPETRA_NORTH.xml,BTS3900,2020-03-14T12:00:00+02:00,2020-03-14T12:30:00+02:00,PT1800S,MBTS_06330_VO_BBU0_IERAPETRA_NORTH,1526726761,PT1800S,2020-03-14T12:30:00+02:00,"1526730554,1526735517,1526735518,1526735519,","0,3,3,3,"
Huawei,32.435 V7.2,A20200314.1200+0200-1230+0200_MBTS_06330_VO_BBU0_IERAPETRA_NORTH.xml,BTS3900,2020-03-14T12:00:00+02:00,2020-03-14T12:30:00+02:00,PT1800S,MBTS_06330_VO_BBU0_IERAPETRA_NORTH,1526726761,PT1800S,2020-03-14T12:30:00+02:00,"1526730554,1526735517,1526735518,1526735519,","0,0,0,0,"
Huawei,32.435 V7.2,A20200314.1200+0200-1230+0200_MBTS_06330_VO_BBU0_IERAPETRA_NORTH.xml,BTS3900,2020-03-14T12:00:00+02:00,2020-03-14T12:30:00+02:00,PT1800S,MBTS_06330_VO_BBU0_IERAPETRA_NORTH,1526726761,PT1800S,2020-03-14T12:30:00+02:00,"1526730554,1526735517,1526735518,1526735519,","0,234,234,234,"
Huawei,32.435 V7.2,A20200314.1200+0200-1230+0200_MBTS_06330_VO_BBU0_IERAPETRA_NORTH.xml,BTS3900,2020-03-14T12:00:00+02:00,2020-03-14T12:30:00+02:00,PT1800S,MBTS_06330_VO_BBU0_IERAPETRA_NORTH,1526726761,PT1800S,2020-03-14T12:30:00+02:00,"1526730554,1526735517,1526735518,1526735519,","0,0,0,0,"
Huawei,32.435 V7.2,A20200314.1200+0200-1230+0200_MBTS_06330_VO_BBU0_IERAPETRA_NORTH.xml,BTS3900,2020-03-14T12:00:00+02:00,2020-03-14T12:30:00+02:00,PT1800S,MBTS_06330_VO_BBU0_IERAPETRA_NORTH,1526726761,PT1800S,2020-03-14T12:30:00+02:00,"1526730554,1526735517,1526735518,1526735519,","0,0,0,0,"
Huawei,32.435 V7.2,A20200314.1200+0200-1230+0200_MBTS_06330_VO_BBU0_IERAPETRA_NORTH.xml,BTS3900,2020-03-14T12:00:00+02:00,2020-03-14T12:30:00+02:00,PT1800S,MBTS_06330_VO_BBU0_IERAPETRA_NORTH,1526726761,PT1800S,2020-03-14T12:30:00+02:00,"1526730554,1526735517,1526735518,1526735519,","0,0,0,0,"
Huawei,32.435 V7.2,A20200314.1200+0200-1230+0200_MBTS_06330_VO_BBU0_IERAPETRA_NORTH.xml,BTS3900,2020-03-14T12:00:00+02:00,2020-03-14T12:30:00+02:00,PT1800S,MBTS_06330_VO_BBU0_IERAPETRA_NORTH,1526726761,PT1800S,2020-03-14T12:30:00+02:00,"1526730554,1526735517,1526735518,1526735519,","0,0,0,0,"
Huawei,32.435 V7.2,A20200314.1200+0200-1230+0200_MBTS_06330_VO_BBU0_IERAPETRA_NORTH.xml,BTS3900,2020-03-14T12:00:00+02:00,2020-03-14T12:30:00+02:00,PT1800S,MBTS_06330_VO_BBU0_IERAPETRA_NORTH,1526726761,PT1800S,2020-03-14T12:30:00+02:00,"1526730554,1526735517,1526735518,1526735519,","0,54,54,54,"
Huawei,32.435 V7.2,A20200314.1200+0200-1230+0200_MBTS_06330_VO_BBU0_IERAPETRA_NORTH.xml,BTS3900,2020-03-14T12:00:00+02:00,2020-03-14T12:30:00+02:00,PT1800S,MBTS_06330_VO_BBU0_IERAPETRA_NORTH,1526726761,PT1800S,2020-03-14T12:30:00+02:00,"1526730554,1526735517,1526735518,1526735519,","0,58,58,58,"
Huawei,32.435 V7.2,A20200314.1200+0200-1230+0200_MBTS_06330_VO_BBU0_IERAPETRA_NORTH.xml,BTS3900,2020-03-14T12:00:00+02:00,2020-03-14T12:30:00+02:00,PT1800S,MBTS_06330_VO_BBU0_IERAPETRA_NORTH,1526726761,PT1800S,2020-03-14T12:30:00+02:00,"1526730554,1526735517,1526735518,1526735519,","0,0,0,0,"
Huawei,32.435 V7.2,A20200314.1200+0200-1230+0200_MBTS_06330_VO_BBU0_IERAPETRA_NORTH.xml,BTS3900,2020-03-14T12:00:00+02:00,2020-03-14T12:30:00+02:00,PT1800S,MBTS_06330_VO_BBU0_IERAPETRA_NORTH,1526726761,PT1800S,2020-03-14T12:30:00+02:00,"1526730554,1526735517,1526735518,1526735519,","0,0,0,0,"
Huawei,32.435 V7.2,A20200314.1200+0200-1230+0200_MBTS_06330_VO_BBU0_IERAPETRA_NORTH.xml,BTS3900,2020-03-14T12:00:00+02:00,2020-03-14T12:30:00+02:00,PT1800S,MBTS_06330_VO_BBU0_IERAPETRA_NORTH,1526726761,PT1800S,2020-03-14T12:30:00+02:00,"1526730554,1526735517,1526735518,1526735519,","0,0,0,0,"
Huawei,32.435 V7.2,A20200314.1200+0200-1230+0200_MBTS_06330_VO_BBU0_IERAPETRA_NORTH.xml,BTS3900,2020-03-14T12:00:00+02:00,2020-03-14T12:30:00+02:00,PT1800S,MBTS_06330_VO_BBU0_IERAPETRA_NORTH,1526726761,PT1800S,2020-03-14T12:30:00+02:00,"1526730554,1526735517,1526735518,1526735519,","0,0,0,0,"
Huawei,32.435 V7.2,A20200314.1200+0200-1230+0200_MBTS_06330_VO_BBU0_IERAPETRA_NORTH.xml,BTS3900,2020-03-14T12:00:00+02:00,2020-03-14T12:30:00+02:00,PT1800S,MBTS_06330_VO_BBU0_IERAPETRA_NORTH,1526726761,PT1800S,2020-03-14T12:30:00+02:00,"1526730554,1526735517,1526735518,1526735519,","0,4,4,4,"
Huawei,32.435 V7.2,A20200314.1200+0200-1230+0200_MBTS_06330_VO_BBU0_IERAPETRA_NORTH.xml,BTS3900,2020-03-14T12:00:00+02:00,2020-03-14T12:30:00+02:00,PT1800S,MBTS_06330_VO_BBU0_IERAPETRA_NORTH,1526726761,PT1800S,2020-03-14T12:30:00+02:00,"1526730554,1526735517,1526735518,1526735519,","0,0,0,0,"
Huawei,32.435 V7.2,A20200314.1200+0200-1230+0200_MBTS_06330_VO_BBU0_IERAPETRA_NORTH.xml,BTS3900,2020-03-14T12:00:00+02:00,2020-03-14T12:30:00+02:00,PT1800S,MBTS_06330_VO_BBU0_IERAPETRA_NORTH,1526726761,PT1800S,2020-03-14T12:30:00+02:00,"1526730554,1526735517,1526735518,1526735519,","0,0,0,0,"
Huawei,32.435 V7.2,A20200314.1200+0200-1230+0200_MBTS_06330_VO_BBU0_IERAPETRA_NORTH.xml,BTS3900,2020-03-14T12:00:00+02:00,2020-03-14T12:30:00+02:00,PT1800S,MBTS_06330_VO_BBU0_IERAPETRA_NORTH,1526726761,PT1800S,2020-03-14T12:30:00+02:00,"1526730554,1526735517,1526735518,1526735519,","0,0,0,0,"
Huawei,32.435 V7.2,A20200314.1200+0200-1230+0200_MBTS_06330_VO_BBU0_IERAPETRA_NORTH.xml,BTS3900,2020-03-14T12:00:00+02:00,2020-03-14T12:30:00+02:00,PT1800S,MBTS_06330_VO_BBU0_IERAPETRA_NORTH,1526726761,PT1800S,2020-03-14T12:30:00+02:00,"1526730554,1526735517,1526735518,1526735519,","0,0,0,0,"
Huawei,32.435 V7.2,A20200314.1200+0200-1230+0200_MBTS_06330_VO_BBU0_IERAPETRA_NORTH.xml,BTS3900,2020-03-14T12:00:00+02:00,2020-03-14T12:30:00+02:00,PT1800S,MBTS_06330_VO_BBU0_IERAPETRA_NORTH,1526726761,PT1800S,2020-03-14T12:30:00+02:00,"1526730554,1526735517,1526735518,1526735519,","0,0,0,0,"
Huawei,32.435 V7.2,A20200314.1200+0200-1230+0200_MBTS_06330_VO_BBU0_IERAPETRA_NORTH.xml,BTS3900,2020-03-14T12:00:00+02:00,2020-03-14T12:30:00+02:00,PT1800S,MBTS_06330_VO_BBU0_IERAPETRA_NORTH,1526726761,PT1800S,2020-03-14T12:30:00+02:00,"1526730554,1526735517,1526735518,1526735519,","0,0,0,0,"
Huawei,32.435 V7.2,A20200314.1200+0200-1230+0200_MBTS_06330_VO_BBU0_IERAPETRA_NORTH.xml,BTS3900,2020-03-14T12:00:00+02:00,2020-03-14T12:30:00+02:00,PT1800S,MBTS_06330_VO_BBU0_IERAPETRA_NORTH,1526726761,PT1800S,2020-03-14T12:30:00+02:00,"1526730554,1526735517,1526735518,1526735519,","0,0,0,0,"
Huawei,32.435 V7.2,A20200314.1200+0200-1230+0200_MBTS_06330_VO_BBU0_IERAPETRA_NORTH.xml,BTS3900,2020-03-14T12:00:00+02:00,2020-03-14T12:30:00+02:00,PT1800S,MBTS_06330_VO_BBU0_IERAPETRA_NORTH,1526726761,PT1800S,2020-03-14T12:30:00+02:00,"1526730554,1526735517,1526735518,1526735519,","0,0,0,0,"
Huawei,32.435 V7.2,A20200314.1200+0200-1230+0200_MBTS_06330_VO_BBU0_IERAPETRA_NORTH.xml,BTS3900,2020-03-14T12:00:00+02:00,2020-03-14T12:30:00+02:00,PT1800S,MBTS_06330_VO_BBU0_IERAPETRA_NORTH,1526726761,PT1800S,2020-03-14T12:30:00+02:00,"1526730554,1526735517,1526735518,1526735519,","0,0,0,0,"
Huawei,32.435 V7.2,A20200314.1200+0200-1230+0200_MBTS_06330_VO_BBU0_IERAPETRA_NORTH.xml,BTS3900,2020-03-14T12:00:00+02:00,2020-03-14T12:30:00+02:00,PT1800S,MBTS_06330_VO_BBU0_IERAPETRA_NORTH,1526726761,PT1800S,2020-03-14T12:30:00+02:00,"1526730554,1526735517,1526735518,1526735519,","0,0,0,0,"
Huawei,32.435 V7.2,A20200314.1200+0200-1230+0200_MBTS_06330_VO_BBU0_IERAPETRA_NORTH.xml,BTS3900,2020-03-14T12:00:00+02:00,2020-03-14T12:30:00+02:00,PT1800S,MBTS_06330_VO_BBU0_IERAPETRA_NORTH,1526726761,PT1800S,2020-03-14T12:30:00+02:00,"1526730554,1526735517,1526735518,1526735519,","0,0,0,0,"
Huawei,32.435 V7.2,A20200314.1200+0200-1230+0200_MBTS_06330_VO_BBU0_IERAPETRA_NORTH.xml,BTS3900,2020-03-14T12:00:00+02:00,2020-03-14T12:30:00+02:00,PT1800S,MBTS_06330_VO_BBU0_IERAPETRA_NORTH,1526726761,PT1800S,2020-03-14T12:30:00+02:00,"1526730554,1526735517,1526735518,1526735519,","0,0,0,0,"
Huawei,32.435 V7.2,A20200314.1200+0200-1230+0200_MBTS_06330_VO_BBU0_IERAPETRA_NORTH.xml,BTS3900,2020-03-14T12:00:00+02:00,2020-03-14T12:30:00+02:00,PT1800S,MBTS_06330_VO_BBU0_IERAPETRA_NORTH,1526726761,PT1800S,2020-03-14T12:30:00+02:00,"1526730554,1526735517,1526735518,1526735519,","0,0,0,0,"
Huawei,32.435 V7.2,A20200314.1200+0200-1230+0200_MBTS_06330_VO_BBU0_IERAPETRA_NORTH.xml,BTS3900,2020-03-14T12:00:00+02:00,2020-03-14T12:30:00+02:00,PT1800S,MBTS_06330_VO_BBU0_IERAPETRA_NORTH,1526726761,PT1800S,2020-03-14T12:30:00+02:00,"1526730554,1526735517,1526735518,1526735519,","0,0,0,0,"
Huawei,32.435 V7.2,A20200314.1200+0200-1230+0200_MBTS_06330_VO_BBU0_IERAPETRA_NORTH.xml,BTS3900,2020-03-14T12:00:00+02:00,2020-03-14T12:30:00+02:00,PT1800S,MBTS_06330_VO_BBU0_IERAPETRA_NORTH,1526726761,PT1800S,2020-03-14T12:30:00+02:00,"1526730554,1526735517,1526735518,1526735519,","0,0,0,0,"
Huawei,32.435 V7.2,A20200314.1200+0200-1230+0200_MBTS_06330_VO_BBU0_IERAPETRA_NORTH.xml,BTS3900,2020-03-14T12:00:00+02:00,2020-03-14T12:30:00+02:00,PT1800S,MBTS_06330_VO_BBU0_IERAPETRA_NORTH,1526726761,PT1800S,2020-03-14T12:30:00+02:00,"1526730554,1526735517,1526735518,1526735519,","0,0,0,0,"
Huawei,32.435 V7.2,A20200314.1200+0200-1230+0200_MBTS_06330_VO_BBU0_IERAPETRA_NORTH.xml,BTS3900,2020-03-14T12:00:00+02:00,2020-03-14T12:30:00+02:00,PT1800S,MBTS_06330_VO_BBU0_IERAPETRA_NORTH,1526726761,PT1800S,2020-03-14T12:30:00+02:00,"1526730554,1526735517,1526735518,1526735519,","0,0,0,0,"
Huawei,32.435 V7.2,A20200314.1200+0200-1230+0200_MBTS_06330_VO_BBU0_IERAPETRA_NORTH.xml,BTS3900,2020-03-14T12:00:00+02:00,2020-03-14T12:30:00+02:00,PT1800S,MBTS_06330_VO_BBU0_IERAPETRA_NORTH,1526726761,PT1800S,2020-03-14T12:30:00+02:00,"1526730554,1526735517,1526735518,1526735519,","0,0,0,0,"
Huawei,32.435 V7.2,A20200314.1200+0200-1230+0200_MBTS_06330_VO_BBU0_IERAPETRA_NORTH.xml,BTS3900,2020-03-14T12:00:00+02:00,2020-03-14T12:30:00+02:00,PT1800S,MBTS_06330_VO_BBU0_IERAPETRA_NORTH,1526726761,PT1800S,2020-03-14T12:30:00+02:00,"1526730554,1526735517,1526735518,1526735519,","0,0,0,0,"
Huawei,32.435 V7.2,A20200314.1200+0200-1230+0200_MBTS_06330_VO_BBU0_IERAPETRA_NORTH.xml,BTS3900,2020-03-14T12:00:00+02:00,2020-03-14T12:30:00+02:00,PT1800S,MBTS_06330_VO_BBU0_IERAPETRA_NORTH,1526726761,PT1800S,2020-03-14T12:30:00+02:00,"1526730554,1526735517,1526735518,1526735519,","0,0,0,0,"
Huawei,32.435 V7.2,A20200314.1200+0200-1230+0200_MBTS_06330_VO_BBU0_IERAPETRA_NORTH.xml,BTS3900,2020-03-14T12:00:00+02:00,2020-03-14T12:30:00+02:00,PT1800S,MBTS_06330_VO_BBU0_IERAPETRA_NORTH,1526726761,PT1800S,2020-03-14T12:30:00+02:00,"1526730554,1526735517,1526735518,1526735519,","0,0,0,0,"
Huawei,32.435 V7.2,A20200314.1200+0200-1230+0200_MBTS_06330_VO_BBU0_IERAPETRA_NORTH.xml,BTS3900,2020-03-14T12:00:00+02:00,2020-03-14T12:30:00+02:00,PT1800S,MBTS_06330_VO_BBU0_IERAPETRA_NORTH,1526726761,PT1800S,2020-03-14T12:30:00+02:00,"1526730554,1526735517,1526735518,1526735519,","0,0,0,0,"
Huawei,32.435 V7.2,A20200314.1200+0200-1230+0200_MBTS_06330_VO_BBU0_IERAPETRA_NORTH.xml,BTS3900,2020-03-14T12:00:00+02:00,2020-03-14T12:30:00+02:00,PT1800S,MBTS_06330_VO_BBU0_IERAPETRA_NORTH,1526726761,PT1800S,2020-03-14T12:30:00+02:00,"1526730554,1526735517,1526735518,1526735519,","0,0,0,0,"
Huawei,32.435 V7.2,A20200314.1200+0200-1230+0200_MBTS_06330_VO_BBU0_IERAPETRA_NORTH.xml,BTS3900,2020-03-14T12:00:00+02:00,2020-03-14T12:30:00+02:00,PT1800S,MBTS_06330_VO_BBU0_IERAPETRA_NORTH,1526726761,PT1800S,2020-03-14T12:30:00+02:00,"1526730554,1526735517,1526735518,1526735519,","0,0,0,0,"
Huawei,32.435 V7.2,A20200314.1200+0200-1230+0200_MBTS_06330_VO_BBU0_IERAPETRA_NORTH.xml,BTS3900,2020-03-14T12:00:00+02:00,2020-03-14T12:30:00+02:00,PT1800S,MBTS_06330_VO_BBU0_IERAPETRA_NORTH,1526726761,PT1800S,2020-03-14T12:30:00+02:00,"1526730554,1526735517,1526735518,1526735519,","0,0,0,0,"
Huawei,32.435 V7.2,A20200314.1200+0200-1230+0200_MBTS_06330_VO_BBU0_IERAPETRA_NORTH.xml,BTS3900,2020-03-14T12:00:00+02:00,2020-03-14T12:30:00+02:00,PT1800S,MBTS_06330_VO_BBU0_IERAPETRA_NORTH,1526726761,PT1800S,2020-03-14T12:30:00+02:00,"1526730554,1526735517,1526735518,1526735519,","0,0,0,0,"
Huawei,32.435 V7.2,A20200314.1200+0200-1230+0200_MBTS_06330_VO_BBU0_IERAPETRA_NORTH.xml,BTS3900,2020-03-14T12:00:00+02:00,2020-03-14T12:30:00+02:00,PT1800S,MBTS_06330_VO_BBU0_IERAPETRA_NORTH,1526726761,PT1800S,2020-03-14T12:30:00+02:00,"1526730554,1526735517,1526735518,1526735519,","0,0,0,0,"
Huawei,32.435 V7.2,A20200314.1200+0200-1230+0200_MBTS_06330_VO_BBU0_IERAPETRA_NORTH.xml,BTS3900,2020-03-14T12:00:00+02:00,2020-03-14T12:30:00+02:00,PT1800S,MBTS_06330_VO_BBU0_IERAPETRA_NORTH,1526726761,PT1800S,2020-03-14T12:30:00+02:00,"1526730554,1526735517,1526735518,1526735519,","0,0,0,0,"
Huawei,32.435 V7.2,A20200314.1200+0200-1230+0200_MBTS_06330_VO_BBU0_IERAPETRA_NORTH.xml,BTS3900,2020-03-14T12:00:00+02:00,2020-03-14T12:30:00+02:00,PT1800S,MBTS_06330_VO_BBU0_IERAPETRA_NORTH,1526726761,PT1800S,2020-03-14T12:30:00+02:00,"1526730554,1526735517,1526735518,1526735519,","0,0,0,0,"
Huawei,32.435 V7.2,A20200314.1200+0200-1230+0200_MBTS_06330_VO_BBU0_IERAPETRA_NORTH.xml,BTS3900,2020-03-14T12:00:00+02:00,2020-03-14T12:30:00+02:00,PT1800S,MBTS_06330_VO_BBU0_IERAPETRA_NORTH,1526726761,PT1800S,2020-03-14T12:30:00+02:00,"1526730554,1526735517,1526735518,1526735519,","0,0,0,0,"
Huawei,32.435 V7.2,A20200314.1200+0200-1230+0200_MBTS_06330_VO_BBU0_IERAPETRA_NORTH.xml,BTS3900,2020-03-14T12:00:00+02:00,2020-03-14T12:30:00+02:00,PT1800S,MBTS_06330_VO_BBU0_IERAPETRA_NORTH,1526726761,PT1800S,2020-03-14T12:30:00+02:00,"1526730554,1526735517,1526735518,1526735519,","0,0,0,0,"
Huawei,32.435 V7.2,A20200314.1200+0200-1230+0200_MBTS_06330_VO_BBU0_IERAPETRA_NORTH.xml,BTS3900,2020-03-14T12:00:00+02:00,2020-03-14T12:30:00+02:00,PT1800S,MBTS_06330_VO_BBU0_IERAPETRA_NORTH,1526726761,PT1800S,2020-03-14T12:30:00+02:00,"1526730554,1526735517,1526735518,1526735519,","0,0,0,0,"
Huawei,32.435 V7.2,A20200314.1200+0200-1230+0200_MBTS_06330_VO_BBU0_IERAPETRA_NORTH.xml,BTS3900,2020-03-14T12:00:00+02:00,2020-03-14T12:30:00+02:00,PT1800S,MBTS_06330_VO_BBU0_IERAPETRA_NORTH,1526726761,PT1800S,2020-03-14T12:30:00+02:00,"1526730554,1526735517,1526735518,1526735519,","0,0,0,0,"
Huawei,32.435 V7.2,A20200314.1200+0200-1230+0200_MBTS_06330_VO_BBU0_IERAPETRA_NORTH.xml,BTS3900,2020-03-14T12:00:00+02:00,2020-03-14T12:30:00+02:00,PT1800S,MBTS_06330_VO_BBU0_IERAPETRA_NORTH,1526726761,PT1800S,2020-03-14T12:30:00+02:00,"1526730554,1526735517,1526735518,1526735519,","0,0,0,0,"
Huawei,32.435 V7.2,A20200314.1200+0200-1230+0200_MBTS_06330_VO_BBU0_IERAPETRA_NORTH.xml,BTS3900,2020-03-14T12:00:00+02:00,2020-03-14T12:30:00+02:00,PT1800S,MBTS_06330_VO_BBU0_IERAPETRA_NORTH,1526726761,PT1800S,2020-03-14T12:30:00+02:00,"1526730554,1526735517,1526735518,1526735519,","0,0,0,0,"
Huawei,32.435 V7.2,A20200314.1200+0200-1230+0200_MBTS_06330_VO_BBU0_IERAPETRA_NORTH.xml,BTS3900,2020-03-14T12:00:00+02:00,2020-03-14T12:30:00+02:00,PT1800S,MBTS_06330_VO_BBU0_IERAPETRA_NORTH,1526726761,PT1800S,2020-03-14T12:30:00+02:00,"1526730554,1526735517,1526735518,1526735519,","0,0,0,0,"
Huawei,32.435 V7.2,A20200314.1200+0200-1230+0200_MBTS_06330_VO_BBU0_IERAPETRA_NORTH.xml,BTS3900,2020-03-14T12:00:00+02:00,2020-03-14T12:30:00+02:00,PT1800S,MBTS_06330_VO_BBU0_IERAPETRA_NORTH,1526726761,PT1800S,2020-03-14T12:30:00+02:00,"1526730554,1526735517,1526735518,1526735519,","0,0,0,0,"
Huawei,32.435 V7.2,A20200314.1200+0200-1230+0200_MBTS_06330_VO_BBU0_IERAPETRA_NORTH.xml,BTS3900,2020-03-14T12:00:00+02:00,2020-03-14T12:30:00+02:00,PT1800S,MBTS_06330_VO_BBU0_IERAPETRA_NORTH,1526726761,PT1800S,2020-03-14T12:30:00+02:00,"1526730554,1526735517,1526735518,1526735519,","0,0,0,0,"
Huawei,32.435 V7.2,A20200314.1200+0200-1230+0200_MBTS_06330_VO_BBU0_IERAPETRA_NORTH.xml,BTS3900,2020-03-14T12:00:00+02:00,2020-03-14T12:30:00+02:00,PT1800S,MBTS_06330_VO_BBU0_IERAPETRA_NORTH,1526726761,PT1800S,2020-03-14T12:30:00+02:00,"1526730554,1526735517,1526735518,1526735519,","0,0,0,0,"
Huawei,32.435 V7.2,A20200314.1200+0200-1230+0200_MBTS_06330_VO_BBU0_IERAPETRA_NORTH.xml,BTS3900,2020-03-14T12:00:00+02:00,2020-03-14T12:30:00+02:00,PT1800S,MBTS_06330_VO_BBU0_IERAPETRA_NORTH,1526726761,PT1800S,2020-03-14T12:30:00+02:00,"1526730554,1526735517,1526735518,1526735519,","0,0,0,0,"
Huawei,32.435 V7.2,A20200314.1200+0200-1230+0200_MBTS_06330_VO_BBU0_IERAPETRA_NORTH.xml,BTS3900,2020-03-14T12:00:00+02:00,2020-03-14T12:30:00+02:00,PT1800S,MBTS_06330_VO_BBU0_IERAPETRA_NORTH,1526726761,PT1800S,2020-03-14T12:30:00+02:00,"1526730554,1526735517,1526735518,1526735519,","0,0,0,0,"
Huawei,32.435 V7.2,A20200314.1200+0200-1230+0200_MBTS_06330_VO_BBU0_IERAPETRA_NORTH.xml,BTS3900,2020-03-14T12:00:00+02:00,2020-03-14T12:30:00+02:00,PT1800S,MBTS_06330_VO_BBU0_IERAPETRA_NORTH,1526726761,PT1800S,2020-03-14T12:30:00+02:00,"1526730554,1526735517,1526735518,1526735519,","0,0,0,0,"
Huawei,32.435 V7.2,A20200314.1200+0200-1230+0200_MBTS_06330_VO_BBU0_IERAPETRA_NORTH.xml,BTS3900,2020-03-14T12:00:00+02:00,2020-03-14T12:30:00+02:00,PT1800S,MBTS_06330_VO_BBU0_IERAPETRA_NORTH,1526726761,PT1800S,2020-03-14T12:30:00+02:00,"1526730554,1526735517,1526735518,1526735519,","0,0,0,0,"
Huawei,32.435 V7.2,A20200314.1200+0200-1230+0200_MBTS_06330_VO_BBU0_IERAPETRA_NORTH.xml,BTS3900,2020-03-14T12:00:00+02:00,2020-03-14T12:30:00+02:00,PT1800S,MBTS_06330_VO_BBU0_IERAPETRA_NORTH,1526726761,PT1800S,2020-03-14T12:30:00+02:00,"1526730554,1526735517,1526735518,1526735519,","0,0,0,0,"
Huawei,32.435 V7.2,A20200314.1200+0200-1230+0200_MBTS_06330_VO_BBU0_IERAPETRA_NORTH.xml,BTS3900,2020-03-14T12:00:00+02:00,2020-03-14T12:30:00+02:00,PT1800S,MBTS_06330_VO_BBU0_IERAPETRA_NORTH,1526726761,PT1800S,2020-03-14T12:30:00+02:00,"1526730554,1526735517,1526735518,1526735519,","0,0,0,0,"
Huawei,32.435 V7.2,A20200314.1200+0200-1230+0200_MBTS_06330_VO_BBU0_IERAPETRA_NORTH.xml,BTS3900,2020-03-14T12:00:00+02:00,2020-03-14T12:30:00+02:00,PT1800S,MBTS_06330_VO_BBU0_IERAPETRA_NORTH,1526726761,PT1800S,2020-03-14T12:30:00+02:00,"1526730554,1526735517,1526735518,1526735519,","0,0,0,0,"
Huawei,32.435 V7.2,A20200314.1200+0200-1230+0200_MBTS_06330_VO_BBU0_IERAPETRA_NORTH.xml,BTS3900,2020-03-14T12:00:00+02:00,2020-03-14T12:30:00+02:00,PT1800S,MBTS_06330_VO_BBU0_IERAPETRA_NORTH,1526726761,PT1800S,2020-03-14T12:30:00+02:00,"1526730554,1526735517,1526735518,1526735519,","0,0,0,0,"
Huawei,32.435 V7.2,A20200314.1200+0200-1230+0200_MBTS_06330_VO_BBU0_IERAPETRA_NORTH.xml,BTS3900,2020-03-14T12:00:00+02:00,2020-03-14T12:30:00+02:00,PT1800S,MBTS_06330_VO_BBU0_IERAPETRA_NORTH,1526726761,PT1800S,2020-03-14T12:30:00+02:00,"1526730554,1526735517,1526735518,1526735519,","0,0,0,0,"
Huawei,32.435 V7.2,A20200314.1200+0200-1230+0200_MBTS_06330_VO_BBU0_IERAPETRA_NORTH.xml,BTS3900,2020-03-14T12:00:00+02:00,2020-03-14T12:30:00+02:00,PT1800S,MBTS_06330_VO_BBU0_IERAPETRA_NORTH,1526726761,PT1800S,2020-03-14T12:30:00+02:00,"1526730554,1526735517,1526735518,1526735519,","0,0,0,0,"
Huawei,32.435 V7.2,A20200314.1200+0200-1230+0200_MBTS_06330_VO_BBU0_IERAPETRA_NORTH.xml,BTS3900,2020-03-14T12:00:00+02:00,2020-03-14T12:30:00+02:00,PT1800S,MBTS_06330_VO_BBU0_IERAPETRA_NORTH,1526726761,PT1800S,2020-03-14T12:30:00+02:00,"1526730554,1526735517,1526735518,1526735519,","0,0,0,0,"
Huawei,32.435 V7.2,A20200314.1200+0200-1230+0200_MBTS_06330_VO_BBU0_IERAPETRA_NORTH.xml,BTS3900,2020-03-14T12:00:00+02:00,2020-03-14T12:30:00+02:00,PT1800S,MBTS_06330_VO_BBU0_IERAPETRA_NORTH,1526726761,PT1800S,2020-03-14T12:30:00+02:00,"1526730554,1526735517,1526735518,1526735519,","0,0,0,0,"
Huawei,32.435 V7.2,A20200314.1200+0200-1230+0200_MBTS_06330_VO_BBU0_IERAPETRA_NORTH.xml,BTS3900,2020-03-14T12:00:00+02:00,2020-03-14T12:30:00+02:00,PT1800S,MBTS_06330_VO_BBU0_IERAPETRA_NORTH,1526726761,PT1800S,2020-03-14T12:30:00+02:00,"1526730554,1526735517,1526735518,1526735519,","0,0,0,0,"
Huawei,32.435 V7.2,A20200314.1200+0200-1230+0200_MBTS_06330_VO_BBU0_IERAPETRA_NORTH.xml,BTS3900,2020-03-14T12:00:00+02:00,2020-03-14T12:30:00+02:00,PT1800S,MBTS_06330_VO_BBU0_IERAPETRA_NORTH,1526726761,PT1800S,2020-03-14T12:30:00+02:00,"1526730554,1526735517,1526735518,1526735519,","0,0,0,0,"
Huawei,32.435 V7.2,A20200314.1200+0200-1230+0200_MBTS_06330_VO_BBU0_IERAPETRA_NORTH.xml,BTS3900,2020-03-14T12:00:00+02:00,2020-03-14T12:30:00+02:00,PT1800S,MBTS_06330_VO_BBU0_IERAPETRA_NORTH,1526726761,PT1800S,2020-03-14T12:30:00+02:00,"1526730554,1526735517,1526735518,1526735519,","0,0,0,0,"
Huawei,32.435 V7.2,A20200314.1200+0200-1230+0200_MBTS_06330_VO_BBU0_IERAPETRA_NORTH.xml,BTS3900,2020-03-14T12:00:00+02:00,2020-03-14T12:30:00+02:00,PT1800S,MBTS_06330_VO_BBU0_IERAPETRA_NORTH,1526726761,PT1800S,2020-03-14T12:30:00+02:00,"1526730554,1526735517,1526735518,1526735519,","0,0,0,0,"
Huawei,32.435 V7.2,A20200314.1200+0200-1230+0200_MBTS_06330_VO_BBU0_IERAPETRA_NORTH.xml,BTS3900,2020-03-14T12:00:00+02:00,2020-03-14T12:30:00+02:00,PT1800S,MBTS_06330_VO_BBU0_IERAPETRA_NORTH,1526726761,PT1800S,2020-03-14T12:30:00+02:00,"1526730554,1526735517,1526735518,1526735519,","0,0,0,0,"
Huawei,32.435 V7.2,A20200314.1200+0200-1230+0200_MBTS_06330_VO_BBU0_IERAPETRA_NORTH.xml,BTS3900,2020-03-14T12:00:00+02:00,2020-03-14T12:30:00+02:00,PT1800S,MBTS_06330_VO_BBU0_IERAPETRA_NORTH,1526726761,PT1800S,2020-03-14T12:30:00+02:00,"1526730554,1526735517,1526735518,1526735519,","0,0,0,0,"
Huawei,32.435 V7.2,A20200314.1200+0200-1230+0200_MBTS_06330_VO_BBU0_IERAPETRA_NORTH.xml,BTS3900,2020-03-14T12:00:00+02:00,2020-03-14T12:30:00+02:00,PT1800S,MBTS_06330_VO_BBU0_IERAPETRA_NORTH,1526726761,PT1800S,2020-03-14T12:30:00+02:00,"1526730554,1526735517,1526735518,1526735519,","0,0,0,0,"
Huawei,32.435 V7.2,A20200314.1200+0200-1230+0200_MBTS_06330_VO_BBU0_IERAPETRA_NORTH.xml,BTS3900,2020-03-14T12:00:00+02:00,2020-03-14T12:30:00+02:00,PT1800S,MBTS_06330_VO_BBU0_IERAPETRA_NORTH,1526726761,PT1800S,2020-03-14T12:30:00+02:00,"1526730554,1526735517,1526735518,1526735519,","0,0,0,0,"
Huawei,32.435 V7.2,A20200314.1200+0200-1230+0200_MBTS_06330_VO_BBU0_IERAPETRA_NORTH.xml,BTS3900,2020-03-14T12:00:00+02:00,2020-03-14T12:30:00+02:00,PT1800S,MBTS_06330_VO_BBU0_IERAPETRA_NORTH,1526726761,PT1800S,2020-03-14T12:30:00+02:00,"1526730554,1526735517,1526735518,1526735519,","0,0,0,0,"
Huawei,32.435 V7.2,A20200314.1200+0200-1230+0200_MBTS_06330_VO_BBU0_IERAPETRA_NORTH.xml,BTS3900,2020-03-14T12:00:00+02:00,2020-03-14T12:30:00+02:00,PT1800S,MBTS_06330_VO_BBU0_IERAPETRA_NORTH,1526726761,PT1800S,2020-03-14T12:30:00+02:00,"1526730554,1526735517,1526735518,1526735519,","0,0,0,0,"
Huawei,32.435 V7.2,A20200314.1200+0200-1230+0200_MBTS_06330_VO_BBU0_IERAPETRA_NORTH.xml,BTS3900,2020-03-14T12:00:00+02:00,2020-03-14T12:30:00+02:00,PT1800S,MBTS_06330_VO_BBU0_IERAPETRA_NORTH,1526726761,PT1800S,2020-03-14T12:30:00+02:00,"1526730554,1526735517,1526735518,1526735519,","0,0,0,0,"
Huawei,32.435 V7.2,A20200314.1200+0200-1230+0200_MBTS_06330_VO_BBU0_IERAPETRA_NORTH.xml,BTS3900,2020-03-14T12:00:00+02:00,2020-03-14T12:30:00+02:00,PT1800S,MBTS_06330_VO_BBU0_IERAPETRA_NORTH,1526726761,PT1800S,2020-03-14T12:30:00+02:00,"1526730554,1526735517,1526735518,1526735519,","0,0,0,0,"
Huawei,32.435 V7.2,A20200314.1200+0200-1230+0200_MBTS_06330_VO_BBU0_IERAPETRA_NORTH.xml,BTS3900,2020-03-14T12:00:00+02:00,2020-03-14T12:30:00+02:00,PT1800S,MBTS_06330_VO_BBU0_IERAPETRA_NORTH,1526726761,PT1800S,2020-03-14T12:30:00+02:00,"1526730554,1526735517,1526735518,1526735519,","0,0,0,0,"
Huawei,32.435 V7.2,A20200314.1200+0200-1230+0200_MBTS_06330_VO_BBU0_IERAPETRA_NORTH.xml,BTS3900,2020-03-14T12:00:00+02:00,2020-03-14T12:30:00+02:00,PT1800S,MBTS_06330_VO_BBU0_IERAPETRA_NORTH,1526726761,PT1800S,2020-03-14T12:30:00+02:00,"1526730554,1526735517,1526735518,1526735519,","0,0,0,0,"
Huawei,32.435 V7.2,A20200314.1200+0200-1230+0200_MBTS_06330_VO_BBU0_IERAPETRA_NORTH.xml,BTS3900,2020-03-14T12:00:00+02:00,2020-03-14T12:30:00+02:00,PT1800S,MBTS_06330_VO_BBU0_IERAPETRA_NORTH,1526726761,PT1800S,2020-03-14T12:30:00+02:00,"1526730554,1526735517,1526735518,1526735519,","0,0,0,0,"
Huawei,32.435 V7.2,A20200314.1200+0200-1230+0200_MBTS_06330_VO_BBU0_IERAPETRA_NORTH.xml,BTS3900,2020-03-14T12:00:00+02:00,2020-03-14T12:30:00+02:00,PT1800S,MBTS_06330_VO_BBU0_IERAPETRA_NORTH,1526726761,PT1800S,2020-03-14T12:30:00+02:00,"1526730554,1526735517,1526735518,1526735519,","0,0,0,0,"
Huawei,32.435 V7.2,A20200314.1200+0200-1230+0200_MBTS_06330_VO_BBU0_IERAPETRA_NORTH.xml,BTS3900,2020-03-14T12:00:00+02:00,2020-03-14T12:30:00+02:00,PT1800S,MBTS_06330_VO_BBU0_IERAPETRA_NORTH,1526726761,PT1800S,2020-03-14T12:30:00+02:00,"1526730554,1526735517,1526735518,1526735519,","0,0,0,0,"
Huawei,32.435 V7.2,A20200314.1200+0200-1230+0200_MBTS_06330_VO_BBU0_IERAPETRA_NORTH.xml,BTS3900,2020-03-14T12:00:00+02:00,2020-03-14T12:30:00+02:00,PT1800S,MBTS_06330_VO_BBU0_IERAPETRA_NORTH,1526726761,PT1800S,2020-03-14T12:30:00+02:00,"1526730554,1526735517,1526735518,1526735519,","0,0,0,0,"
Huawei,32.435 V7.2,A20200314.1200+0200-1230+0200_MBTS_06330_VO_BBU0_IERAPETRA_NORTH.xml,BTS3900,2020-03-14T12:00:00+02:00,2020-03-14T12:30:00+02:00,PT1800S,MBTS_06330_VO_BBU0_IERAPETRA_NORTH,1526726761,PT1800S,2020-03-14T12:30:00+02:00,"1526730554,1526735517,1526735518,1526735519,","0,0,0,0,"
Huawei,32.435 V7.2,A20200314.1200+0200-1230+0200_MBTS_06330_VO_BBU0_IERAPETRA_NORTH.xml,BTS3900,2020-03-14T12:00:00+02:00,2020-03-14T12:30:00+02:00,PT1800S,MBTS_06330_VO_BBU0_IERAPETRA_NORTH,1526726761,PT1800S,2020-03-14T12:30:00+02:00,"1526730554,1526735517,1526735518,1526735519,","0,0,0,0,"
Huawei,32.435 V7.2,A20200314.1200+0200-1230+0200_MBTS_06330_VO_BBU0_IERAPETRA_NORTH.xml,BTS3900,2020-03-14T12:00:00+02:00,2020-03-14T12:30:00+02:00,PT1800S,MBTS_06330_VO_BBU0_IERAPETRA_NORTH,1526726761,PT1800S,2020-03-14T12:30:00+02:00,"1526730554,1526735517,1526735518,1526735519,","0,0,0,0,"
Huawei,32.435 V7.2,A20200314.1200+0200-1230+0200_MBTS_06330_VO_BBU0_IERAPETRA_NORTH.xml,BTS3900,2020-03-14T12:00:00+02:00,2020-03-14T12:30:00+02:00,PT1800S,MBTS_06330_VO_BBU0_IERAPETRA_NORTH,1526726761,PT1800S,2020-03-14T12:30:00+02:00,"1526730554,1526735517,1526735518,1526735519,","0,4,4,4,"
Huawei,32.435 V7.2,A20200314.1200+0200-1230+0200_MBTS_06330_VO_BBU0_IERAPETRA_NORTH.xml,BTS3900,2020-03-14T12:00:00+02:00,2020-03-14T12:30:00+02:00,PT1800S,MBTS_06330_VO_BBU0_IERAPETRA_NORTH,1526726761,PT1800S,2020-03-14T12:30:00+02:00,"1526730554,1526735517,1526735518,1526735519,","1,523,523,523,"
Huawei,32.435 V7.2,A20200314.1200+0200-1230+0200_MBTS_06330_VO_BBU0_IERAPETRA_NORTH.xml,BTS3900,2020-03-14T12:00:00+02:00,2020-03-14T12:30:00+02:00,PT1800S,MBTS_06330_VO_BBU0_IERAPETRA_NORTH,1526726761,PT1800S,2020-03-14T12:30:00+02:00,"1526730554,1526735517,1526735518,1526735519,","0,0,0,0,"
Huawei,32.435 V7.2,A20200314.1200+0200-1230+0200_MBTS_06330_VO_BBU0_IERAPETRA_NORTH.xml,BTS3900,2020-03-14T12:00:00+02:00,2020-03-14T12:30:00+02:00,PT1800S,MBTS_06330_VO_BBU0_IERAPETRA_NORTH,1526726761,PT1800S,2020-03-14T12:30:00+02:00,"1526730554,1526735517,1526735518,1526735519,","0,0,0,0,"
Huawei,32.435 V7.2,A20200314.1200+0200-1230+0200_MBTS_06330_VO_BBU0_IERAPETRA_NORTH.xml,BTS3900,2020-03-14T12:00:00+02:00,2020-03-14T12:30:00+02:00,PT1800S,MBTS_06330_VO_BBU0_IERAPETRA_NORTH,1526726761,PT1800S,2020-03-14T12:30:00+02:00,"1526730554,1526735517,1526735518,1526735519,","0,0,0,0,"
Huawei,32.435 V7.2,A20200314.1200+0200-1230+0200_MBTS_06330_VO_BBU0_IERAPETRA_NORTH.xml,BTS3900,2020-03-14T12:00:00+02:00,2020-03-14T12:30:00+02:00,PT1800S,MBTS_06330_VO_BBU0_IERAPETRA_NORTH,1526726761,PT1800S,2020-03-14T12:30:00+02:00,"1526730554,1526735517,1526735518,1526735519,","0,0,0,0,"
Huawei,32.435 V7.2,A20200314.1200+0200-1230+0200_MBTS_06330_VO_BBU0_IERAPETRA_NORTH.xml,BTS3900,2020-03-14T12:00:00+02:00,2020-03-14T12:30:00+02:00,PT1800S,MBTS_06330_VO_BBU0_IERAPETRA_NORTH,1526726761,PT1800S,2020-03-14T12:30:00+02:00,"1526730554,1526735517,1526735518,1526735519,","0,47,47,47,"
Huawei,32.435 V7.2,A20200314.1200+0200-1230+0200_MBTS_06330_VO_BBU0_IERAPETRA_NORTH.xml,BTS3900,2020-03-14T12:00:00+02:00,2020-03-14T12:30:00+02:00,PT1800S,MBTS_06330_VO_BBU0_IERAPETRA_NORTH,1526726761,PT1800S,2020-03-14T12:30:00+02:00,"1526730554,1526735517,1526735518,1526735519,","0,63,63,63,"
Huawei,32.435 V7.2,A20200314.1200+0200-1230+0200_MBTS_06330_VO_BBU0_IERAPETRA_NORTH.xml,BTS3900,2020-03-14T12:00:00+02:00,2020-03-14T12:30:00+02:00,PT1800S,MBTS_06330_VO_BBU0_IERAPETRA_NORTH,1526726761,PT1800S,2020-03-14T12:30:00+02:00,"1526730554,1526735517,1526735518,1526735519,","0,0,0,0,"
Huawei,32.435 V7.2,A20200314.1200+0200-1230+0200_MBTS_06330_VO_BBU0_IERAPETRA_NORTH.xml,BTS3900,2020-03-14T12:00:00+02:00,2020-03-14T12:30:00+02:00,PT1800S,MBTS_06330_VO_BBU0_IERAPETRA_NORTH,1526726761,PT1800S,2020-03-14T12:30:00+02:00,"1526730554,1526735517,1526735518,1526735519,","0,0,0,0,"
Huawei,32.435 V7.2,A20200314.1200+0200-1230+0200_MBTS_06330_VO_BBU0_IERAPETRA_NORTH.xml,BTS3900,2020-03-14T12:00:00+02:00,2020-03-14T12:30:00+02:00,PT1800S,MBTS_06330_VO_BBU0_IERAPETRA_NORTH,1526726761,PT1800S,2020-03-14T12:30:00+02:00,"1526730554,1526735517,1526735518,1526735519,","0,0,0,0,"
Huawei,32.435 V7.2,A20200314.1200+0200-1230+0200_MBTS_06330_VO_BBU0_IERAPETRA_NORTH.xml,BTS3900,2020-03-14T12:00:00+02:00,2020-03-14T12:30:00+02:00,PT1800S,MBTS_06330_VO_BBU0_IERAPETRA_NORTH,1526726761,PT1800S,2020-03-14T12:30:00+02:00,"1526730554,1526735517,1526735518,1526735519,","0,0,0,0,"
Huawei,32.435 V7.2,A20200314.1200+0200-1230+0200_MBTS_06330_VO_BBU0_IERAPETRA_NORTH.xml,BTS3900,2020-03-14T12:00:00+02:00,2020-03-14T12:30:00+02:00,PT1800S,MBTS_06330_VO_BBU0_IERAPETRA_NORTH,1526726761,PT1800S,2020-03-14T12:30:00+02:00,"1526730554,1526735517,1526735518,1526735519,","0,0,0,0,"
Huawei,32.435 V7.2,A20200314.1200+0200-1230+0200_MBTS_06330_VO_BBU0_IERAPETRA_NORTH.xml,BTS3900,2020-03-14T12:00:00+02:00,2020-03-14T12:30:00+02:00,PT1800S,MBTS_06330_VO_BBU0_IERAPETRA_NORTH,1526726761,PT1800S,2020-03-14T12:30:00+02:00,"1526730554,1526735517,1526735518,1526735519,","0,0,0,0,"
Huawei,32.435 V7.2,A20200314.1200+0200-1230+0200_MBTS_06330_VO_BBU0_IERAPETRA_NORTH.xml,BTS3900,2020-03-14T12:00:00+02:00,2020-03-14T12:30:00+02:00,PT1800S,MBTS_06330_VO_BBU0_IERAPETRA_NORTH,1526726761,PT1800S,2020-03-14T12:30:00+02:00,"1526730554,1526735517,1526735518,1526735519,","0,0,0,0,"
Huawei,32.435 V7.2,A20200314.1200+0200-1230+0200_MBTS_06330_VO_BBU0_IERAPETRA_NORTH.xml,BTS3900,2020-03-14T12:00:00+02:00,2020-03-14T12:30:00+02:00,PT1800S,MBTS_06330_VO_BBU0_IERAPETRA_NORTH,1526726761,PT1800S,2020-03-14T12:30:00+02:00,"1526730554,1526735517,1526735518,1526735519,","0,0,0,0,"
Huawei,32.435 V7.2,A20200314.1200+0200-1230+0200_MBTS_06330_VO_BBU0_IERAPETRA_NORTH.xml,BTS3900,2020-03-14T12:00:00+02:00,2020-03-14T12:30:00+02:00,PT1800S,MBTS_06330_VO_BBU0_IERAPETRA_NORTH,1526726761,PT1800S,2020-03-14T12:30:00+02:00,"1526730554,1526735517,1526735518,1526735519,","0,0,0,0,"
Huawei,32.435 V7.2,A20200314.1200+0200-1230+0200_MBTS_06330_VO_BBU0_IERAPETRA_NORTH.xml,BTS3900,2020-03-14T12:00:00+02:00,2020-03-14T12:30:00+02:00,PT1800S,MBTS_06330_VO_BBU0_IERAPETRA_NORTH,1526726761,PT1800S,2020-03-14T12:30:00+02:00,"1526730554,1526735517,1526735518,1526735519,","0,1,1,1,"
Huawei,32.435 V7.2,A20200314.1200+0200-1230+0200_MBTS_06330_VO_BBU0_IERAPETRA_NORTH.xml,BTS3900,2020-03-14T12:00:00+02:00,2020-03-14T12:30:00+02:00,PT1800S,MBTS_06330_VO_BBU0_IERAPETRA_NORTH,1526726761,PT1800S,2020-03-14T12:30:00+02:00,"1526730554,1526735517,1526735518,1526735519,","0,0,0,0,"
Huawei,32.435 V7.2,A20200314.1200+0200-1230+0200_MBTS_06330_VO_BBU0_IERAPETRA_NORTH.xml,BTS3900,2020-03-14T12:00:00+02:00,2020-03-14T12:30:00+02:00,PT1800S,MBTS_06330_VO_BBU0_IERAPETRA_NORTH,1526726761,PT1800S,2020-03-14T12:30:00+02:00,"1526730554,1526735517,1526735518,1526735519,","0,0,0,0,"
Huawei,32.435 V7.2,A20200314.1200+0200-1230+0200_MBTS_06330_VO_BBU0_IERAPETRA_NORTH.xml,BTS3900,2020-03-14T12:00:00+02:00,2020-03-14T12:30:00+02:00,PT1800S,MBTS_06330_VO_BBU0_IERAPETRA_NORTH,1526726761,PT1800S,2020-03-14T12:30:00+02:00,"1526730554,1526735517,1526735518,1526735519,","0,0,0,0,"
Huawei,32.435 V7.2,A20200314.1200+0200-1230+0200_MBTS_06330_VO_BBU0_IERAPETRA_NORTH.xml,BTS3900,2020-03-14T12:00:00+02:00,2020-03-14T12:30:00+02:00,PT1800S,MBTS_06330_VO_BBU0_IERAPETRA_NORTH,1526726761,PT1800S,2020-03-14T12:30:00+02:00,"1526730554,1526735517,1526735518,1526735519,","0,0,0,0,"
Huawei,32.435 V7.2,A20200314.1200+0200-1230+0200_MBTS_06330_VO_BBU0_IERAPETRA_NORTH.xml,BTS3900,2020-03-14T12:00:00+02:00,2020-03-14T12:30:00+02:00,PT1800S,MBTS_06330_VO_BBU0_IERAPETRA_NORTH,1526726761,PT1800S,2020-03-14T12:30:00+02:00,"1526730554,1526735517,1526735518,1526735519,","0,0,0,0,"
Huawei,32.435 V7.2,A20200314.1200+0200-1230+0200_MBTS_06330_VO_BBU0_IERAPETRA_NORTH.xml,BTS3900,2020-03-14T12:00:00+02:00,2020-03-14T12:30:00+02:00,PT1800S,MBTS_06330_VO_BBU0_IERAPETRA_NORTH,1526726761,PT1800S,2020-03-14T12:30:00+02:00,"1526730554,1526735517,1526735518,1526735519,","0,0,0,0,"
Huawei,32.435 V7.2,A20200314.1200+0200-1230+0200_MBTS_06330_VO_BBU0_IERAPETRA_NORTH.xml,BTS3900,2020-03-14T12:00:00+02:00,2020-03-14T12:30:00+02:00,PT1800S,MBTS_06330_VO_BBU0_IERAPETRA_NORTH,1526726761,PT1800S,2020-03-14T12:30:00+02:00,"1526730554,1526735517,1526735518,1526735519,","0,0,0,0,"
Huawei,32.435 V7.2,A20200314.1200+0200-1230+0200_MBTS_06330_VO_BBU0_IERAPETRA_NORTH.xml,BTS3900,2020-03-14T12:00:00+02:00,2020-03-14T12:30:00+02:00,PT1800S,MBTS_06330_VO_BBU0_IERAPETRA_NORTH,1526726761,PT1800S,2020-03-14T12:30:00+02:00,"1526730554,1526735517,1526735518,1526735519,","0,0,0,0,"
Huawei,32.435 V7.2,A20200314.1200+0200-1230+0200_MBTS_06330_VO_BBU0_IERAPETRA_NORTH.xml,BTS3900,2020-03-14T12:00:00+02:00,2020-03-14T12:30:00+02:00,PT1800S,MBTS_06330_VO_BBU0_IERAPETRA_NORTH,1526726761,PT1800S,2020-03-14T12:30:00+02:00,"1526730554,1526735517,1526735518,1526735519,","0,0,0,0,"
Huawei,32.435 V7.2,A20200314.1200+0200-1230+0200_MBTS_06330_VO_BBU0_IERAPETRA_NORTH.xml,BTS3900,2020-03-14T12:00:00+02:00,2020-03-14T12:30:00+02:00,PT1800S,MBTS_06330_VO_BBU0_IERAPETRA_NORTH,1526726761,PT1800S,2020-03-14T12:30:00+02:00,"1526730554,1526735517,1526735518,1526735519,","0,0,0,0,"
Huawei,32.435 V7.2,A20200314.1200+0200-1230+0200_MBTS_06330_VO_BBU0_IERAPETRA_NORTH.xml,BTS3900,2020-03-14T12:00:00+02:00,2020-03-14T12:30:00+02:00,PT1800S,MBTS_06330_VO_BBU0_IERAPETRA_NORTH,1526726761,PT1800S,2020-03-14T12:30:00+02:00,"1526730554,1526735517,1526735518,1526735519,","0,0,0,0,"
Huawei,32.435 V7.2,A20200314.1200+0200-1230+0200_MBTS_06330_VO_BBU0_IERAPETRA_NORTH.xml,BTS3900,2020-03-14T12:00:00+02:00,2020-03-14T12:30:00+02:00,PT1800S,MBTS_06330_VO_BBU0_IERAPETRA_NORTH,1526726761,PT1800S,2020-03-14T12:30:00+02:00,"1526730554,1526735517,1526735518,1526735519,","0,0,0,0,"
Huawei,32.435 V7.2,A20200314.1200+0200-1230+0200_MBTS_06330_VO_BBU0_IERAPETRA_NORTH.xml,BTS3900,2020-03-14T12:00:00+02:00,2020-03-14T12:30:00+02:00,PT1800S,MBTS_06330_VO_BBU0_IERAPETRA_NORTH,1526726761,PT1800S,2020-03-14T12:30:00+02:00,"1526730554,1526735517,1526735518,1526735519,","0,0,0,0,"
Huawei,32.435 V7.2,A20200314.1200+0200-1230+0200_MBTS_06330_VO_BBU0_IERAPETRA_NORTH.xml,BTS3900,2020-03-14T12:00:00+02:00,2020-03-14T12:30:00+02:00,PT1800S,MBTS_06330_VO_BBU0_IERAPETRA_NORTH,1526726761,PT1800S,2020-03-14T12:30:00+02:00,"1526730554,1526735517,1526735518,1526735519,","0,0,0,0,"
Huawei,32.435 V7.2,A20200314.1200+0200-1230+0200_MBTS_06330_VO_BBU0_IERAPETRA_NORTH.xml,BTS3900,2020-03-14T12:00:00+02:00,2020-03-14T12:30:00+02:00,PT1800S,MBTS_06330_VO_BBU0_IERAPETRA_NORTH,1526726761,PT1800S,2020-03-14T12:30:00+02:00,"1526730554,1526735517,1526735518,1526735519,","0,0,0,0,"
Huawei,32.435 V7.2,A20200314.1200+0200-1230+0200_MBTS_06330_VO_BBU0_IERAPETRA_NORTH.xml,BTS3900,2020-03-14T12:00:00+02:00,2020-03-14T12:30:00+02:00,PT1800S,MBTS_06330_VO_BBU0_IERAPETRA_NORTH,1526726761,PT1800S,2020-03-14T12:30:00+02:00,"1526730554,1526735517,1526735518,1526735519,","0,0,0,0,"
Huawei,32.435 V7.2,A20200314.1200+0200-1230+0200_MBTS_06330_VO_BBU0_IERAPETRA_NORTH.xml,BTS3900,2020-03-14T12:00:00+02:00,2020-03-14T12:30:00+02:00,PT1800S,MBTS_06330_VO_BBU0_IERAPETRA_NORTH,1526726761,PT1800S,2020-03-14T12:30:00+02:00,"1526730554,1526735517,1526735518,1526735519,","0,0,0,0,"
Huawei,32.435 V7.2,A20200314.1200+0200-1230+0200_MBTS_06330_VO_BBU0_IERAPETRA_NORTH.xml,BTS3900,2020-03-14T12:00:00+02:00,2020-03-14T12:30:00+02:00,PT1800S,MBTS_06330_VO_BBU0_IERAPETRA_NORTH,1526726761,PT1800S,2020-03-14T12:30:00+02:00,"1526730554,1526735517,1526735518,1526735519,","0,0,0,0,"
Huawei,32.435 V7.2,A20200314.1200+0200-1230+0200_MBTS_06330_VO_BBU0_IERAPETRA_NORTH.xml,BTS3900,2020-03-14T12:00:00+02:00,2020-03-14T12:30:00+02:00,PT1800S,MBTS_06330_VO_BBU0_IERAPETRA_NORTH,1526726761,PT1800S,2020-03-14T12:30:00+02:00,"1526730554,1526735517,1526735518,1526735519,","0,0,0,0,"
Huawei,32.435 V7.2,A20200314.1200+0200-1230+0200_MBTS_06330_VO_BBU0_IERAPETRA_NORTH.xml,BTS3900,2020-03-14T12:00:00+02:00,2020-03-14T12:30:00+02:00,PT1800S,MBTS_06330_VO_BBU0_IERAPETRA_NORTH,1526726761,PT1800S,2020-03-14T12:30:00+02:00,"1526730554,1526735517,1526735518,1526735519,","0,0,0,0,"
